Country,Region,Lat,Long,year,Happiness_Rank,Happiness_Score,Economy_(GDP_per_Capita),Health_(Life_Expectancy),Freedom,Generosity,Trust_(Government_Corruption)
Zimbabwe,Sub-Saharan Africa,-19.015438,29.154857,2015,115,4.61,0.271,0.33475,0.25861,0.18987,0.08079
Zimbabwe,Sub-Saharan Africa,-19.015438,29.154857,2016,131,4.193,0.35041,0.1595,0.25429,0.18503,0.08582
Zimbabwe,Sub-Saharan Africa,-19.015438,29.154857,2017,138,3.875,0.375846535,0.196763754,0.336384207,0.189143494,0.095375381
Zimbabwe,Sub-Saharan Africa,-19.015438,29.154857,2018,144,3.692,0.357,0.248,0.406,0.132,0.099
Zimbabwe,Sub-Saharan Africa,-19.015438,29.154857,2019,146,3.663,0.366,0.433,0.361,0.151,0.089
Zimbabwe,Sub-Saharan Africa,-19.015438,29.154857,2020,151,3.299200058,0.425564021,0.375037611,0.37740472,0.151349187,0.080928579
Zambia,Sub-Saharan Africa,-13.133897,27.849332,2015,85,5.129,0.47038,0.29924,0.48827,0.19591,0.12468
Zambia,Sub-Saharan Africa,-13.133897,27.849332,2016,106,4.795,0.61202,0.23573,0.42662,0.17866,0.11479
Zambia,Sub-Saharan Africa,-13.133897,27.849332,2017,116,4.513999939,0.636406779,0.257835895,0.461603492,0.249580145,0.07821355
Zambia,Sub-Saharan Africa,-13.133897,27.849332,2018,125,4.377,0.562,0.295,0.503,0.221,0.082
Zambia,Sub-Saharan Africa,-13.133897,27.849332,2019,138,4.107,0.578,0.426,0.431,0.247,0.087
Zambia,Sub-Saharan Africa,-13.133897,27.849332,2020,141,3.759399891,0.536833763,0.36359334,0.49131754,0.250620902,0.086705238
Yemen,Middle East and Northern Africa,15.552727,48.516388,2015,136,4.077,0.54649,0.40064,0.35571,0.09131,0.07854
Yemen,Middle East and Northern Africa,15.552727,48.516388,2016,147,3.724,0.57939,0.31048,0.2287,0.09821,0.05892
Yemen,Middle East and Northern Africa,15.552727,48.516388,2017,146,3.592999935,0.591683447,0.310080916,0.249463722,0.104125209,0.056767423
Yemen,Middle East and Northern Africa,15.552727,48.516388,2018,152,3.355,0.442,0.343,0.244,0.083,0.064
Yemen,Middle East and Northern Africa,15.552727,48.516388,2019,151,3.38,0.287,0.463,0.143,0.108,0.077
Yemen,Middle East and Northern Africa,15.552727,48.516388,2020,146,3.527400017,0.392701775,0.41500017,0.243721485,0.094689012,0.087352127
Vietnam,Southeastern Asia,14.058324,108.277199,2015,75,5.36,0.63216,0.74676,0.59444,0.1686,0.10441
Vietnam,Southeastern Asia,14.058324,108.277199,2016,96,5.061,0.74037,0.66157,0.55954,0.25075,0.11556
Vietnam,Southeastern Asia,14.058324,108.277199,2017,94,5.073999882,0.788547575,0.652168989,0.571055591,0.234968051,0.087633237
Vietnam,Southeastern Asia,14.058324,108.277199,2018,95,5.103,0.715,0.702,0.618,0.177,0.079
Vietnam,Southeastern Asia,14.058324,108.277199,2019,94,5.175,0.741,0.851,0.543,0.147,0.073
Vietnam,Southeastern Asia,14.058324,108.277199,2020,83,5.353499889,0.718092382,0.819133997,0.650835574,0.136488721,0.089848459
Venezuela,Latin America and Caribbean,6.42375,-66.58973,2015,23,6.81,1.04424,0.72052,0.42908,0.05841,0.11069
Venezuela,Latin America and Caribbean,6.42375,-66.58973,2016,44,6.084,1.13367,0.61904,0.19847,0.0425,0.08304
Venezuela,Latin America and Caribbean,6.42375,-66.58973,2017,82,5.25,1.128431201,0.617144227,0.153997123,0.06501963,0.064491123
Venezuela,Latin America and Caribbean,6.42375,-66.58973,2018,102,4.806,0.996,0.657,0.133,0.056,0.052
Venezuela,Latin America and Caribbean,6.42375,-66.58973,2019,108,4.707,0.96,0.805,0.154,0.064,0.047
Venezuela,Latin America and Caribbean,6.42375,-66.58973,2020,99,5.053199768,0.770238638,0.76702553,0.271717221,0.087179154,0.063624777
Uzbekistan,Central and Eastern Europe,41.377491,64.585262,2015,44,6.003,0.63244,0.59772,0.65821,0.22837,0.30826
Uzbekistan,Central and Eastern Europe,41.377491,64.585262,2016,49,5.987,0.73591,0.50163,0.60848,0.34326,0.28333
Uzbekistan,Central and Eastern Europe,41.377491,64.585262,2017,47,5.971000195,0.786441088,0.498272628,0.658248663,0.415983647,0.246528223
Uzbekistan,Central and Eastern Europe,41.377491,64.585262,2018,44,6.096,0.719,0.605,0.724,0.328,0.259
Uzbekistan,Central and Eastern Europe,41.377491,64.585262,2019,41,6.174,0.745,0.756,0.631,0.322,0.24
Uzbekistan,Central and Eastern Europe,41.377491,64.585262,2020,38,6.257599831,0.696652949,0.716703713,0.693270326,0.363311023,0.280260265
Uruguay,Latin America and Caribbean,-32.522779,-55.765835,2015,32,6.485,1.06166,0.8116,0.60362,0.2324,0.24558
Uruguay,Latin America and Caribbean,-32.522779,-55.765835,2016,29,6.545,1.18157,0.72183,0.54388,0.18056,0.21394
Uruguay,Latin America and Caribbean,-32.522779,-55.765835,2017,28,6.453999996,1.217559695,0.719216824,0.579392254,0.175096929,0.178061873
Uruguay,Latin America and Caribbean,-32.522779,-55.765835,2018,31,6.379,1.093,0.771,0.625,0.13,0.155
Uruguay,Latin America and Caribbean,-32.522779,-55.765835,2019,33,6.293,1.124,0.891,0.523,0.127,0.15
Uruguay,Latin America and Caribbean,-32.522779,-55.765835,2020,26,6.440100193,1.071000457,0.856928885,0.59426707,0.132143691,0.193425074
United States,North America,37.09024,-95.712891,2015,15,7.119,1.39451,0.86179,0.54604,0.40105,0.1589
United States,North America,37.09024,-95.712891,2016,13,7.104,1.50796,0.779,0.48163,0.41077,0.14868
United States,North America,37.09024,-95.712891,2017,14,6.993000031,1.546259284,0.774286628,0.505740523,0.392578781,0.135638788
United States,North America,37.09024,-95.712891,2018,18,6.886,1.398,0.819,0.547,0.291,0.133
United States,North America,37.09024,-95.712891,2019,19,6.892,1.433,0.874,0.454,0.28,0.128
United States,North America,37.09024,-95.712891,2020,18,6.939599991,1.37398684,0.831618011,0.534608245,0.298143059,0.152284741
United Kingdom,Western Europe,55.378051,-3.435973,2015,21,6.867,1.26637,0.90943,0.59625,0.51912,0.32067
United Kingdom,Western Europe,55.378051,-3.435973,2016,23,6.725,1.40283,0.80991,0.50036,0.50156,0.27399
United Kingdom,Western Europe,55.378051,-3.435973,2017,19,6.714000225,1.44163394,0.805335939,0.508190036,0.492774159,0.265428066
United Kingdom,Western Europe,55.378051,-3.435973,2018,11,7.19,1.244,0.888,0.464,0.262,0.082
United Kingdom,Western Europe,55.378051,-3.435973,2019,15,7.054,1.333,0.996,0.45,0.348,0.278
United Kingdom,Western Europe,55.378051,-3.435973,2020,13,7.164500237,1.273061037,0.97570008,0.525168657,0.373433441,0.322601646
United Arab Emirates,Middle East and Northern Africa,23.424076,53.847818,2015,20,6.901,1.42727,0.80925,0.64157,0.26428,0.38583
United Arab Emirates,Middle East and Northern Africa,23.424076,53.847818,2016,28,6.573,1.57352,0.72993,0.56215,0.26591,0.35561
United Arab Emirates,Middle East and Northern Africa,23.424076,53.847818,2017,21,6.647999763,1.626343369,0.726798236,0.60834527,0.360941947,0.324489564
United Arab Emirates,Middle East and Northern Africa,23.424076,53.847818,2018,20,6.774,2.096,0.67,0.284,0.186,N/A
United Arab Emirates,Middle East and Northern Africa,23.424076,53.847818,2019,21,6.825,1.503,0.825,0.598,0.262,0.182
United Arab Emirates,Middle East and Northern Africa,23.424076,53.847818,2020,21,6.790800095,1.431086421,0.787814438,0.652936101,0.28065598,0.220213518
Ukraine,Central and Eastern Europe,48.379433,31.16558,2015,111,4.681,0.79907,0.6739,0.25123,0.15275,0.02961
Ukraine,Central and Eastern Europe,48.379433,31.16558,2016,123,4.324,0.87287,0.58628,0.12859,0.20363,0.01829
Ukraine,Central and Eastern Europe,48.379433,31.16558,2017,132,4.096000195,0.894651949,0.575903952,0.122974776,0.270061463,0.023029471
Ukraine,Central and Eastern Europe,48.379433,31.16558,2018,138,4.103,0.793,0.609,0.163,0.187,0.011
Ukraine,Central and Eastern Europe,48.379433,31.16558,2019,133,4.332,0.82,0.739,0.178,0.187,0.01
Ukraine,Central and Eastern Europe,48.379433,31.16558,2020,123,4.56069994,0.780434608,0.698674381,0.319423705,0.178551316,0.00965116
Uganda,Sub-Saharan Africa,1.373333,32.290275,2015,141,3.931,0.21102,0.33861,0.45727,0.29066,0.07267
Uganda,Sub-Saharan Africa,1.373333,32.290275,2016,145,3.739,0.34719,0.19625,0.43653,0.27102,0.06442
Uganda,Sub-Saharan Africa,1.373333,32.290275,2017,133,4.080999851,0.381430715,0.217632607,0.443185955,0.325766057,0.057069719
Uganda,Sub-Saharan Africa,1.373333,32.290275,2018,135,4.161,0.322,0.237,0.45,0.259,0.061
Uganda,Sub-Saharan Africa,1.373333,32.290275,2019,136,4.189,0.332,0.443,0.356,0.252,0.06
Uganda,Sub-Saharan Africa,1.373333,32.290275,2020,126,4.43200016,0.312337428,0.378311664,0.401682556,0.264807373,0.063818842
Turkmenistan,Central and Eastern Europe,38.969719,59.556278,2015,70,5.548,0.95847,0.53886,0.4761,0.16979,0.30844
Turkmenistan,Central and Eastern Europe,38.969719,59.556278,2016,65,5.658,1.08017,0.44006,0.37408,0.22567,0.28467
Turkmenistan,Central and Eastern Europe,38.969719,59.556278,2017,59,5.822000027,1.130776763,0.43772608,0.418271929,0.249924988,0.25927034
Turkmenistan,Central and Eastern Europe,38.969719,59.556278,2018,68,5.636,1.016,0.517,0.417,0.199,0.037
Turkmenistan,Central and Eastern Europe,38.969719,59.556278,2019,87,5.247,1.052,0.657,0.394,0.244,0.028
Turkmenistan,Central and Eastern Europe,38.969719,59.556278,2020,95,5.119100094,1.008963585,0.612448037,0.515236676,0.323129326,0.03350389
Turkey,Middle East and Northern Africa,38.963745,35.243322,2015,76,5.332,1.06098,0.73172,0.22815,0.12253,0.15746
Turkey,Middle East and Northern Africa,38.963745,35.243322,2016,78,5.389,1.16492,0.64718,0.23889,0.04707,0.12348
Turkey,Middle East and Northern Africa,38.963745,35.243322,2017,69,5.5,1.198274374,0.637605608,0.3007406,0.046693042,0.09967158
Turkey,Middle East and Northern Africa,38.963745,35.243322,2018,74,5.483,1.148,0.686,0.324,0.106,0.109
Turkey,Middle East and Northern Africa,38.963745,35.243322,2019,79,5.373,1.183,0.808,0.195,0.083,0.106
Turkey,Middle East and Northern Africa,38.963745,35.243322,2020,93,5.131800175,1.127169251,0.781335294,0.25440076,0.085885569,0.120983243
Tunisia,Middle East and Northern Africa,33.886917,9.537499,2015,107,4.739,0.88113,0.73793,0.26268,0.06431,0.06358
Tunisia,Middle East and Northern Africa,33.886917,9.537499,2016,98,5.045,0.97724,0.59577,0.23553,0.03936,0.0817
Tunisia,Middle East and Northern Africa,33.886917,9.537499,2017,102,4.804999828,1.007265806,0.613212049,0.28968069,0.049693357,0.086723149
Tunisia,Middle East and Northern Africa,33.886917,9.537499,2018,111,4.592,0.9,0.69,0.271,0.04,0.063
Tunisia,Middle East and Northern Africa,33.886917,9.537499,2019,124,4.461,0.921,0.815,0.167,0.059,0.055
Tunisia,Middle East and Northern Africa,33.886917,9.537499,2020,128,4.392199993,0.874742687,0.781156719,0.235860556,0.055881143,0.043899573
Trinidad and Tobago,Latin America and Caribbean,10.691803,-61.222503,2015,41,6.168,1.21183,0.61483,0.55884,0.31844,0.0114
Trinidad and Tobago,Latin America and Caribbean,10.691803,-61.222503,2016,43,6.168,1.32572,0.52608,0.48453,0.31935,0.01241
Trinidad and Tobago,Latin America and Caribbean,10.691803,-61.222503,2017,38,6.168000221,1.361355901,0.519983292,0.518630743,0.325296462,0.008964816
Trinidad and Tobago,Latin America and Caribbean,10.691803,-61.222503,2020,42,6.191899776,1.167641521,0.658828557,0.55293113,0.199358255,0.015078396
Togo,Sub-Saharan Africa,8.619543,0.824782,2015,158,2.839,0.20868,0.28443,0.36453,0.16681,0.10731
Togo,Sub-Saharan Africa,8.619543,0.824782,2016,155,3.303,0.28123,0.24811,0.34678,0.17517,0.11587
Togo,Sub-Saharan Africa,8.619543,0.824782,2017,150,3.494999886,0.305444717,0.247105569,0.380426139,0.196896151,0.095665015
Togo,Sub-Saharan Africa,8.619543,0.824782,2018,139,3.999,0.259,0.253,0.434,0.158,0.101
Togo,Sub-Saharan Africa,8.619543,0.824782,2019,139,4.085,0.275,0.41,0.293,0.177,0.085
Togo,Sub-Saharan Africa,8.619543,0.824782,2020,135,4.187200069,0.268116266,0.342731178,0.303539038,0.200774252,0.114826456
Thailand,Southeastern Asia,15.870032,100.992541,2015,34,6.455,0.9669,0.7385,0.55664,0.5763,0.03187
Thailand,Southeastern Asia,15.870032,100.992541,2016,33,6.474,1.0893,0.64915,0.49553,0.58696,0.02833
Thailand,Southeastern Asia,15.870032,100.992541,2017,32,6.423999786,1.127868772,0.647239029,0.580200732,0.57212311,0.031612735
Thailand,Southeastern Asia,15.870032,100.992541,2018,46,6.072,1.016,0.707,0.637,0.364,0.029
Thailand,Southeastern Asia,15.870032,100.992541,2019,52,6.008,1.05,0.828,0.557,0.359,0.028
Thailand,Southeastern Asia,15.870032,100.992541,2020,54,5.998799801,1.007029295,0.793855846,0.609449804,0.376709014,0.031837862
Tanzania,Sub-Saharan Africa,-6.369028,34.888822,2015,146,3.781,0.2852,0.38215,0.32878,0.34377,0.05747
Tanzania,Sub-Saharan Africa,-6.369028,34.888822,2016,149,3.666,0.47155,0.357,0.3176,0.31472,0.05099
Tanzania,Sub-Saharan Africa,-6.369028,34.888822,2017,153,3.348999977,0.511135876,0.364509284,0.390017778,0.354256362,0.066035107
Tanzania,Sub-Saharan Africa,-6.369028,34.888822,2018,153,3.303,0.455,0.381,0.481,0.27,0.097
Tanzania,Sub-Saharan Africa,-6.369028,34.888822,2019,153,3.231,0.476,0.499,0.417,0.276,0.147
Tanzania,Sub-Saharan Africa,-6.369028,34.888822,2020,148,3.476200104,0.457163125,0.442677855,0.509343088,0.27154091,0.203880861
Tajikistan,Central and Eastern Europe,38.861034,71.276093,2015,106,4.786,0.39047,0.57379,0.47216,0.22974,0.15072
Tajikistan,Central and Eastern Europe,38.861034,71.276093,2016,100,4.996,0.48835,0.53119,0.43408,0.25998,0.13509
Tajikistan,Central and Eastern Europe,38.861034,71.276093,2017,96,5.040999889,0.524713635,0.529235125,0.471566707,0.248997644,0.146377146
Tajikistan,Central and Eastern Europe,38.861034,71.276093,2018,88,5.199,0.474,0.598,0.292,0.187,0.034
Tajikistan,Central and Eastern Europe,38.861034,71.276093,2019,74,5.467,0.493,0.718,0.389,0.23,0.144
Tajikistan,Central and Eastern Europe,38.861034,71.276093,2020,71,5.555699825,0.474874616,0.680594802,0.521141171,0.182417125,0.221779913
Taiwan,Eastern Asia,23.69781,120.960515,2015,38,6.298,1.29098,0.8753,0.3974,0.25376,0.08129
Taiwan,Eastern Asia,23.69781,120.960515,2016,34,6.379,1.39729,0.79565,0.32377,0.25495,0.0663
Taiwan,Eastern Asia,23.69781,120.960515,2018,26,6.441,1.365,0.857,0.418,0.151,0.078
Taiwan,Eastern Asia,23.69781,120.960515,2019,25,6.446,1.368,0.914,0.351,0.242,0.097
Syria,Middle East and Northern Africa,34.802075,38.996815,2015,156,3.006,0.6632,0.72193,0.15684,0.47179,0.18906
Syria,Middle East and Northern Africa,34.802075,38.996815,2016,156,3.069,0.74719,0.62994,0.06912,0.48397,0.17233
Syria,Middle East and Northern Africa,34.802075,38.996815,2017,152,3.461999893,0.777153134,0.500533342,0.081539445,0.493663728,0.151347131
Syria,Middle East and Northern Africa,34.802075,38.996815,2018,150,3.462,0.689,0.539,0.088,0.376,0.144
Syria,Middle East and Northern Africa,34.802075,38.996815,2019,149,3.462,0.619,0.44,0.013,0.331,0.141
Switzerland,Western Europe,46.818188,8.227512,2015,1,7.587,1.39651,0.94143,0.66557,0.29678,0.41978
Switzerland,Western Europe,46.818188,8.227512,2016,2,7.509,1.52733,0.86303,0.58557,0.28083,0.41203
Switzerland,Western Europe,46.818188,8.227512,2017,4,7.493999958,1.564979553,0.858131289,0.620070577,0.290549278,0.367007285
Switzerland,Western Europe,46.818188,8.227512,2018,5,7.487,1.42,0.927,0.66,0.256,0.357
Switzerland,Western Europe,46.818188,8.227512,2019,6,7.48,1.452,1.052,0.572,0.263,0.343
Switzerland,Western Europe,46.818188,8.227512,2020,3,7.559899807,1.39077425,1.040533185,0.62895447,0.269055754,0.407945901
Sweden,Western Europe,60.128161,18.643501,2015,8,7.364,1.33171,0.91087,0.6598,0.36262,0.43844
Sweden,Western Europe,60.128161,18.643501,2016,10,7.291,1.45181,0.83121,0.58218,0.38254,0.40867
Sweden,Western Europe,60.128161,18.643501,2017,9,7.28399992,1.494387269,0.830875158,0.612924099,0.385399252,0.384398729
Sweden,Western Europe,60.128161,18.643501,2018,9,7.314,1.355,0.913,0.659,0.285,0.383
Sweden,Western Europe,60.128161,18.643501,2019,7,7.343,1.387,1.009,0.574,0.267,0.373
Sweden,Western Europe,60.128161,18.643501,2020,7,7.353499889,1.322235227,0.986470461,0.650297701,0.272827893,0.442066371
Swaziland,Sub-Saharan Africa,-26.522503,31.465866,2015,101,4.867,0.71206,0.07566,0.30658,0.18259,0.0306
Swaziland,Sub-Saharan Africa,-26.522503,31.465866,2019,135,4.212,0.811,0,0.313,0.074,0.135
Swaziland,Sub-Saharan Africa,-26.522503,31.465866,2020,132,4.308100224,0.827539742,0.215585828,0.299935788,0.067264833,0.146765873
Suriname,Latin America and Caribbean,3.919305,-56.027783,2015,40,6.269,0.99534,0.6082,0.59657,0.16991,0.13633
Suriname,Latin America and Caribbean,3.919305,-56.027783,2016,40,6.269,1.09686,0.50933,0.52234,0.16665,0.12692
Sudan,Sub-Saharan Africa,12.862807,30.217636,2015,118,4.55,0.52107,0.36878,0.10081,0.19062,0.1466
Sudan,Sub-Saharan Africa,12.862807,30.217636,2016,133,4.139,0.63069,0.29759,0,0.18077,0.10039
Sudan,Sub-Saharan Africa,12.862807,30.217636,2017,130,4.138999939,0.659516692,0.290920824,0.014995855,0.182317451,0.08984752
Sudan,Sub-Saharan Africa,12.862807,30.217636,2018,137,4.139,0.605,0.312,0.016,0.134,0.082
Sri Lanka,Southern Asia,7.873054,80.771797,2015,132,4.271,0.83524,0.70806,0.53726,0.40828,0.09179
Sri Lanka,Southern Asia,7.873054,80.771797,2016,117,4.415,0.97318,0.62007,0.50817,0.46978,0.07964
Sri Lanka,Southern Asia,7.873054,80.771797,2017,120,4.440000057,1.009850144,0.625130832,0.561213255,0.490863562,0.073653966
Sri Lanka,Southern Asia,7.873054,80.771797,2018,116,4.471,0.918,0.672,0.585,0.307,0.05
Sri Lanka,Southern Asia,7.873054,80.771797,2019,130,4.366,0.949,0.831,0.47,0.244,0.047
Sri Lanka,Southern Asia,7.873054,80.771797,2020,130,4.327000141,0.897986948,0.792036712,0.528632462,0.252666146,0.049444564
Spain,Western Europe,40.463667,-3.74922,2015,36,6.329,1.23011,0.95562,0.45951,0.18227,0.06398
Spain,Western Europe,40.463667,-3.74922,2016,37,6.361,1.34253,0.87896,0.37545,0.17665,0.06137
Spain,Western Europe,40.463667,-3.74922,2017,34,6.402999878,1.384397864,0.8889606,0.40878123,0.190133572,0.070914097
Spain,Western Europe,40.463667,-3.74922,2018,36,6.31,1.251,0.965,0.449,0.142,0.074
Spain,Western Europe,40.463667,-3.74922,2019,30,6.354,1.286,1.062,0.362,0.153,0.079
Spain,Western Europe,40.463667,-3.74922,2020,28,6.400899887,1.230535269,1.051343083,0.425983816,0.16530548,0.109579779
South Korea,Eastern Asia,35.907757,127.766922,2015,47,5.984,1.24461,0.96538,0.33208,0.18557,0.07857
South Korea,Eastern Asia,35.907757,127.766922,2016,57,5.835,1.35948,0.88645,0.25168,0.18824,0.07716
South Korea,Eastern Asia,35.907757,127.766922,2017,55,5.837999821,1.401678443,0.900214076,0.257921666,0.206674367,0.063282669
South Korea,Eastern Asia,35.907757,127.766922,2018,57,5.875,1.266,0.955,0.244,0.175,0.051
South Korea,Eastern Asia,35.907757,127.766922,2019,54,5.895,1.301,1.036,0.159,0.175,0.056
South Korea,Eastern Asia,35.907757,127.766922,2020,61,5.872399807,1.245300651,1.022542596,0.25935635,0.170303866,0.094596282
South Africa,Sub-Saharan Africa,-30.559482,22.937506,2015,113,4.642,0.92049,0.27688,0.33207,0.11973,0.08884
South Africa,Sub-Saharan Africa,-30.559482,22.937506,2016,116,4.459,1.02416,0.18611,0.42483,0.13656,0.08415
South Africa,Sub-Saharan Africa,-30.559482,22.937506,2017,101,4.828999996,1.054698706,0.18708007,0.479246736,0.13936238,0.072509497
South Africa,Sub-Saharan Africa,-30.559482,22.937506,2018,105,4.724,0.94,0.33,0.516,0.103,0.056
South Africa,Sub-Saharan Africa,-30.559482,22.937506,2019,106,4.722,0.96,0.469,0.389,0.13,0.055
South Africa,Sub-Saharan Africa,-30.559482,22.937506,2020,109,4.814099789,0.902140439,0.407034069,0.43478182,0.126406848,0.05950214
Somalia,Sub-Saharan Africa,5.152149,46.199616,2016,76,5.44,0,0.11466,0.56778,0.27225,0.3118
Somalia,Sub-Saharan Africa,5.152149,46.199616,2017,93,5.151000023,0.022643184,0.113989137,0.602126956,0.291631311,0.282410324
Somalia,Sub-Saharan Africa,5.152149,46.199616,2018,98,4.982,0,0.115,0.674,0.238,0.282
Somalia,Sub-Saharan Africa,5.152149,46.199616,2019,112,4.668,0,0.268,0.559,0.243,0.27
Slovenia,Central and Eastern Europe,46.151241,14.995463,2015,55,5.848,1.18498,0.87337,0.60855,0.25328,0.03787
Slovenia,Central and Eastern Europe,46.151241,14.995463,2016,63,5.768,1.29947,0.79151,0.53164,0.25738,0.03635
Slovenia,Central and Eastern Europe,46.151241,14.995463,2017,62,5.757999897,1.341205955,0.790828228,0.572575808,0.242649093,0.045128979
Slovenia,Central and Eastern Europe,46.151241,14.995463,2018,51,5.948,1.219,0.856,0.633,0.16,0.051
Slovenia,Central and Eastern Europe,46.151241,14.995463,2019,44,6.118,1.258,0.953,0.564,0.144,0.057
Slovenia,Central and Eastern Europe,46.151241,14.995463,2020,33,6.363399982,1.208652496,0.932548046,0.646700144,0.145701498,0.076516323
Slovakia,Central and Eastern Europe,48.669026,19.699024,2015,45,5.995,1.16891,0.78902,0.31751,0.16893,0.03431
Slovakia,Central and Eastern Europe,48.669026,19.699024,2016,45,6.078,1.27973,0.70367,0.23391,0.13837,0.02947
Slovakia,Central and Eastern Europe,48.669026,19.699024,2017,40,6.09800005,1.325393558,0.712732911,0.295817465,0.136544481,0.024210852
Slovakia,Central and Eastern Europe,48.669026,19.699024,2018,39,6.173,1.21,0.776,0.354,0.118,0.014
Slovakia,Central and Eastern Europe,48.669026,19.699024,2019,38,6.198,1.246,0.881,0.334,0.121,0.014
Slovakia,Central and Eastern Europe,48.669026,19.699024,2020,37,6.280600071,1.194837689,0.853465259,0.423542529,0.116729774,0.011291441
Singapore,Southeastern Asia,1.352083,103.819836,2015,24,6.798,1.52186,1.02525,0.54252,0.31105,0.4921
Singapore,Southeastern Asia,1.352083,103.819836,2016,22,6.739,1.64555,0.94719,0.4877,0.32706,0.46987
Singapore,Southeastern Asia,1.352083,103.819836,2017,26,6.572000027,1.69227767,0.949492395,0.549840569,0.345965981,0.464307785
Singapore,Southeastern Asia,1.352083,103.819836,2018,34,6.343,1.529,1.008,0.631,0.261,0.457
Singapore,Southeastern Asia,1.352083,103.819836,2019,34,6.262,1.572,1.141,0.556,0.271,0.453
Singapore,Southeastern Asia,1.352083,103.819836,2020,31,6.377099991,1.519580126,1.137814283,0.635317206,0.218770906,0.533162236
Sierra Leone,Sub-Saharan Africa,8.460555,-11.779889,2015,123,4.507,0.33024,0,0.4084,0.21488,0.08786
Sierra Leone,Sub-Saharan Africa,8.460555,-11.779889,2016,111,4.635,0.36485,0,0.30685,0.23897,0.08196
Sierra Leone,Sub-Saharan Africa,8.460555,-11.779889,2017,106,4.709000111,0.368420929,0.005564754,0.318697691,0.293040901,0.071095176
Sierra Leone,Sub-Saharan Africa,8.460555,-11.779889,2018,113,4.571,0.256,0,0.355,0.238,0.053
Sierra Leone,Sub-Saharan Africa,8.460555,-11.779889,2019,129,4.374,0.268,0.242,0.309,0.252,0.045
Sierra Leone,Sub-Saharan Africa,8.460555,-11.779889,2020,139,3.926399946,0.240560383,0.203953966,0.382027686,0.257647008,0.047940936
Serbia,Central and Eastern Europe,44.016521,21.005859,2015,87,5.123,0.92053,0.74836,0.20107,0.19231,0.02617
Serbia,Central and Eastern Europe,44.016521,21.005859,2016,86,5.177,1.03437,0.6458,0.15718,0.20737,0.04339
Serbia,Central and Eastern Europe,44.016521,21.005859,2017,73,5.394999981,1.069317579,0.650784671,0.208715528,0.220125884,0.040903781
Serbia,Central and Eastern Europe,44.016521,21.005859,2018,78,5.398,0.975,0.685,0.288,0.134,0.043
Serbia,Central and Eastern Europe,44.016521,21.005859,2019,70,5.603,1.004,0.854,0.282,0.137,0.039
Serbia,Central and Eastern Europe,44.016521,21.005859,2020,64,5.77820015,0.988181829,0.828403294,0.395428419,0.15028289,0.059447147
Senegal,Sub-Saharan Africa,14.497401,-14.452362,2015,142,3.904,0.36498,0.4354,0.36772,0.20843,0.10713
Senegal,Sub-Saharan Africa,14.497401,-14.452362,2016,128,4.219,0.44314,0.40457,0.31056,0.19103,0.11681
Senegal,Sub-Saharan Africa,14.497401,-14.452362,2017,115,4.534999847,0.479309022,0.409362853,0.377922267,0.183468893,0.115460448
Senegal,Sub-Saharan Africa,14.497401,-14.452362,2018,109,4.631,0.429,0.433,0.406,0.138,0.082
Senegal,Sub-Saharan Africa,14.497401,-14.452362,2019,111,4.681,0.45,0.571,0.292,0.153,0.072
Senegal,Sub-Saharan Africa,14.497401,-14.452362,2020,101,4.980800152,0.504061818,0.518391907,0.352400899,0.164397135,0.081865937
Saudi Arabia,Middle East and Northern Africa,23.885942,45.079162,2015,35,6.411,1.39541,0.72025,0.31048,0.13706,0.32524
Saudi Arabia,Middle East and Northern Africa,23.885942,45.079162,2016,34,6.379,1.48953,0.59267,0.37904,0.15457,0.30008
Saudi Arabia,Middle East and Northern Africa,23.885942,45.079162,2017,37,6.343999863,1.530623555,0.59014833,0.449750572,0.147616014,0.273432255
Saudi Arabia,Middle East and Northern Africa,23.885942,45.079162,2018,33,6.371,1.379,0.633,0.509,0.098,0.127
Saudi Arabia,Middle East and Northern Africa,23.885942,45.079162,2019,28,6.375,1.403,0.795,0.439,0.08,0.132
Saudi Arabia,Middle East and Northern Africa,23.885942,45.079162,2020,27,6.406499863,1.334328532,0.759818137,0.548477471,0.087440684,0.163322315
Rwanda,Sub-Saharan Africa,-1.940278,29.873888,2015,154,3.465,0.22208,0.42864,0.59201,0.22628,0.55191
Rwanda,Sub-Saharan Africa,-1.940278,29.873888,2016,152,3.515,0.32846,0.31865,0.5432,0.23552,0.50521
Rwanda,Sub-Saharan Africa,-1.940278,29.873888,2017,151,3.470999956,0.368745893,0.326424807,0.581843853,0.252756029,0.455220014
Rwanda,Sub-Saharan Africa,-1.940278,29.873888,2018,151,3.408,0.332,0.4,0.636,0.2,0.444
Rwanda,Sub-Saharan Africa,-1.940278,29.873888,2019,152,3.334,0.359,0.614,0.555,0.217,0.411
Rwanda,Sub-Saharan Africa,-1.940278,29.873888,2020,150,3.312299967,0.343242675,0.572383285,0.604087889,0.235704988,0.485542476
Russia,Central and Eastern Europe,61.52401,105.318756,2015,64,5.716,1.13764,0.66926,0.36679,0.00199,0.03005
Russia,Central and Eastern Europe,61.52401,105.318756,2016,56,5.856,1.23228,0.58991,0.32682,0.02736,0.03586
Russia,Central and Eastern Europe,61.52401,105.318756,2017,49,5.962999821,1.281778097,0.547349334,0.373783112,0.052263822,0.032962881
Russia,Central and Eastern Europe,61.52401,105.318756,2018,59,5.81,1.151,0.599,0.399,0.065,0.025
Russia,Central and Eastern Europe,61.52401,105.318756,2019,68,5.648,1.183,0.726,0.334,0.082,0.031
Russia,Central and Eastern Europe,61.52401,105.318756,2020,73,5.546000004,1.126999617,0.68044591,0.399499595,0.099041916,0.045699362
Romania,Central and Eastern Europe,45.943161,24.96676,2015,86,5.124,1.04345,0.7689,0.35068,0.13748,0.00649
Romania,Central and Eastern Europe,45.943161,24.96676,2016,71,5.528,1.1697,0.67602,0.36712,0.12889,0.00679
Romania,Central and Eastern Europe,45.943161,24.96676,2017,57,5.824999809,1.217683911,0.685158312,0.457003742,0.133519918,0.004387901
Romania,Central and Eastern Europe,45.943161,24.96676,2018,52,5.945,1.116,0.726,0.528,0.088,0.001
Romania,Central and Eastern Europe,45.943161,24.96676,2019,48,6.07,1.162,0.825,0.462,0.083,0.005
Romania,Central and Eastern Europe,45.943161,24.96676,2020,47,6.123700142,1.120401621,0.79229486,0.534852326,0.068181619,0.000829569
Qatar,Middle East and Northern Africa,25.354826,51.183884,2015,28,6.611,1.69042,0.79733,0.6404,0.32573,0.52208
Qatar,Middle East and Northern Africa,25.354826,51.183884,2016,36,6.375,1.82427,0.71723,0.56679,0.32388,0.48049
Qatar,Middle East and Northern Africa,25.354826,51.183884,2017,35,6.375,1.870765686,0.710098088,0.604130983,0.33047387,0.439299256
Qatar,Middle East and Northern Africa,25.354826,51.183884,2018,32,6.374,1.649,0.748,0.654,0.256,0.171
Qatar,Middle East and Northern Africa,25.354826,51.183884,2019,29,6.374,1.684,0.871,0.555,0.22,0.167
Puerto Rico,Latin America and Caribbean,18.220833,-66.590149,2016,15,7.039,1.35943,0.77758,0.46823,0.22202,0.12275
Portugal,Western Europe,39.399872,-8.224454,2015,88,5.102,1.15991,0.87519,0.51469,0.13719,0.01078
Portugal,Western Europe,39.399872,-8.224454,2016,94,5.123,1.27607,0.79363,0.44727,0.11691,0.01521
Portugal,Western Europe,39.399872,-8.224454,2017,89,5.195000172,1.315175295,0.795843542,0.4984653,0.095102713,0.015869452
Portugal,Western Europe,39.399872,-8.224454,2018,77,5.41,1.188,0.884,0.562,0.055,0.017
Portugal,Western Europe,39.399872,-8.224454,2019,66,5.693,1.221,0.999,0.508,0.047,0.025
Portugal,Western Europe,39.399872,-8.224454,2020,59,5.910900116,1.168800831,0.979315281,0.589895189,0.053036947,0.027733466
Poland,Central and Eastern Europe,51.919438,19.145136,2015,60,5.791,1.12555,0.77903,0.53122,0.16759,0.04212
Poland,Central and Eastern Europe,51.919438,19.145136,2016,57,5.835,1.24585,0.69058,0.4519,0.14443,0.055
Poland,Central and Eastern Europe,51.919438,19.145136,2017,46,5.97300005,1.291787863,0.699475348,0.520342112,0.158465967,0.059307806
Poland,Central and Eastern Europe,51.919438,19.145136,2018,42,6.123,1.176,0.781,0.546,0.108,0.064
Poland,Central and Eastern Europe,51.919438,19.145136,2019,40,6.182,1.206,0.884,0.483,0.117,0.05
Poland,Central and Eastern Europe,51.919438,19.145136,2020,43,6.186299801,1.16922915,0.868038476,0.557903528,0.063374244,0.160541251
Philippines,Southeastern Asia,12.879721,121.774017,2015,90,5.073,0.70532,0.58114,0.62545,0.24991,0.12279
Philippines,Southeastern Asia,12.879721,121.774017,2016,82,5.279,0.81217,0.47036,0.54854,0.21674,0.11757
Philippines,Southeastern Asia,12.879721,121.774017,2017,72,5.429999828,0.857699215,0.468009055,0.585214674,0.193513423,0.099331893
Philippines,Southeastern Asia,12.879721,121.774017,2018,71,5.524,0.775,0.513,0.643,0.12,0.105
Philippines,Southeastern Asia,12.879721,121.774017,2019,69,5.631,0.807,0.657,0.558,0.117,0.107
Philippines,Southeastern Asia,12.879721,121.774017,2020,52,6.006000042,0.775120676,0.602189481,0.621915162,0.129260212,0.130385727
Peru,Latin America and Caribbean,-9.189967,-75.015152,2015,58,5.824,0.90019,0.73017,0.41496,0.14982,0.05989
Peru,Latin America and Caribbean,-9.189967,-75.015152,2016,64,5.743,0.99602,0.62994,0.37502,0.14527,0.05292
Peru,Latin America and Caribbean,-9.189967,-75.015152,2017,63,5.715000153,1.035225272,0.630166113,0.450002879,0.126819715,0.047049087
Peru,Latin America and Caribbean,-9.189967,-75.015152,2018,65,5.663,0.934,0.674,0.53,0.092,0.034
Peru,Latin America and Caribbean,-9.189967,-75.015152,2019,65,5.697,0.96,0.854,0.455,0.083,0.027
Peru,Latin America and Caribbean,-9.189967,-75.015152,2020,63,5.796800137,0.91854918,0.824444175,0.513210058,0.091611817,0.02703266
Paraguay,Latin America and Caribbean,-23.442503,-58.443832,2015,53,5.878,0.75985,0.66098,0.53899,0.3424,0.08242
Paraguay,Latin America and Caribbean,-23.442503,-58.443832,2016,70,5.538,0.89373,0.58295,0.46235,0.25296,0.07396
Paraguay,Latin America and Caribbean,-23.442503,-58.443832,2017,70,5.493000031,0.932537317,0.579250693,0.473507792,0.224150658,0.091065913
Paraguay,Latin America and Caribbean,-23.442503,-58.443832,2018,64,5.681,0.835,0.615,0.541,0.162,0.074
Paraguay,Latin America and Caribbean,-23.442503,-58.443832,2019,63,5.743,0.855,0.777,0.514,0.184,0.08
Paraguay,Latin America and Caribbean,-23.442503,-58.443832,2020,67,5.692100048,0.897990823,0.735869646,0.586510062,0.204299241,0.065077379
Panama,Latin America and Caribbean,8.537981,-80.782127,2015,25,6.786,1.06353,0.79661,0.5421,0.24434,0.0927
Panama,Latin America and Caribbean,8.537981,-80.782127,2016,25,6.701,1.18306,0.70835,0.48927,0.2418,0.08423
Panama,Latin America and Caribbean,8.537981,-80.782127,2017,30,6.452000141,1.233748436,0.706156135,0.550026834,0.210556939,0.070983924
Panama,Latin America and Caribbean,8.537981,-80.782127,2018,27,6.43,1.112,0.759,0.597,0.125,0.063
Panama,Latin America and Caribbean,8.537981,-80.782127,2019,31,6.321,1.149,0.91,0.516,0.109,0.054
Panama,Latin America and Caribbean,8.537981,-80.782127,2020,36,6.304800034,1.097667813,0.878546536,0.57984978,0.097207308,0.054230526
Palestinian Territories,Middle East and Northern Africa,31.952162,35.233154,2015,108,4.715,0.59867,0.66015,0.24499,0.11251,0.12905
Palestinian Territories,Middle East and Northern Africa,31.952162,35.233154,2016,108,4.754,0.67024,0.56844,0.17744,0.11154,0.10613
Palestinian Territories,Middle East and Northern Africa,31.952162,35.233154,2017,103,4.775000095,0.716249228,0.565666974,0.254711062,0.114173174,0.089282602
Palestinian Territories,Middle East and Northern Africa,31.952162,35.233154,2018,104,4.743,0.642,0.602,0.266,0.086,0.076
Palestinian Territories,Middle East and Northern Africa,31.952162,35.233154,2019,110,4.696,0.657,0.672,0.225,0.103,0.066
Palestinian Territories,Middle East and Northern Africa,31.952162,35.233154,2020,125,4.552800179,0.587819219,0.613826573,0.29870075,0.091816261,0.071913652
Pakistan,Southern Asia,30.375321,69.345116,2015,81,5.194,0.59543,0.51466,0.12102,0.33671,0.10464
Pakistan,Southern Asia,30.375321,69.345116,2016,92,5.132,0.68816,0.40306,0.14622,0.31185,0.1388
Pakistan,Southern Asia,30.375321,69.345116,2017,80,5.269000053,0.726883531,0.402047783,0.235215262,0.315446019,0.124348067
Pakistan,Southern Asia,30.375321,69.345116,2018,75,5.472,0.652,0.424,0.334,0.216,0.113
Pakistan,Southern Asia,30.375321,69.345116,2019,67,5.653,0.677,0.535,0.313,0.22,0.098
Pakistan,Southern Asia,30.375321,69.345116,2020,66,5.69329977,0.616799474,0.469933242,0.405421734,0.228705063,0.122592121
Oman,Middle East and Northern Africa,21.512583,55.923255,2015,22,6.853,1.36011,0.76276,0.63274,0.21542,0.32524
Norway,Western Europe,60.472024,8.468946,2015,4,7.522,1.459,0.88521,0.66973,0.34699,0.36503
Norway,Western Europe,60.472024,8.468946,2016,4,7.498,1.57744,0.79579,0.59609,0.37895,0.35776
Norway,Western Europe,60.472024,8.468946,2017,1,7.537000179,1.616463184,0.796666503,0.635422587,0.362012237,0.315963835
Norway,Western Europe,60.472024,8.468946,2018,2,7.594,1.456,0.861,0.686,0.286,0.34
Norway,Western Europe,60.472024,8.468946,2019,3,7.554,1.488,1.028,0.603,0.271,0.341
Norway,Western Europe,60.472024,8.468946,2020,5,7.487999916,1.42420733,1.008071899,0.670200884,0.287985086,0.434100568
Nigeria,Sub-Saharan Africa,9.081999,8.675277,2015,78,5.268,0.65435,0.16007,0.34334,0.27233,0.0403
Nigeria,Sub-Saharan Africa,9.081999,8.675277,2016,103,4.875,0.75216,0.05108,0.27854,0.23219,0.0305
Nigeria,Sub-Saharan Africa,9.081999,8.675277,2017,95,5.073999882,0.783756256,0.05691573,0.394952565,0.230947196,0.026121566
Nigeria,Sub-Saharan Africa,9.081999,8.675277,2018,91,5.155,0.689,0.048,0.462,0.201,0.032
Nigeria,Sub-Saharan Africa,9.081999,8.675277,2019,85,5.265,0.696,0.245,0.426,0.215,0.041
Nigeria,Sub-Saharan Africa,9.081999,8.675277,2020,115,4.724100113,0.645901859,0.167835936,0.435079455,0.221328124,0.047589935
Niger,Sub-Saharan Africa,17.607789,8.081666,2015,144,3.845,0.0694,0.29707,0.47692,0.19387,0.15639
Niger,Sub-Saharan Africa,17.607789,8.081666,2016,142,3.856,0.1327,0.26162,0.38041,0.2097,0.17176
Niger,Sub-Saharan Africa,17.607789,8.081666,2017,135,4.027999878,0.161925331,0.268505007,0.363658696,0.228673846,0.138572946
Niger,Sub-Saharan Africa,17.607789,8.081666,2018,134,4.166,0.131,0.221,0.39,0.175,0.099
Niger,Sub-Saharan Africa,17.607789,8.081666,2019,114,4.628,0.138,0.366,0.318,0.188,0.102
Niger,Sub-Saharan Africa,17.607789,8.081666,2020,103,4.909599781,0.108330332,0.298816353,0.435311615,0.208176896,0.137554765
Nicaragua,Latin America and Caribbean,12.865416,-85.207229,2015,57,5.828,0.59325,0.74314,0.55475,0.27815,0.19317
Nicaragua,Latin America and Caribbean,12.865416,-85.207229,2016,48,5.992,0.69384,0.65213,0.46582,0.29773,0.16292
Nicaragua,Latin America and Caribbean,12.865416,-85.207229,2017,43,6.071000099,0.737299204,0.653095961,0.447551847,0.301674217,0.130687982
Nicaragua,Latin America and Caribbean,12.865416,-85.207229,2018,41,6.141,0.668,0.7,0.527,0.208,0.128
Nicaragua,Latin America and Caribbean,12.865416,-85.207229,2019,45,6.105,0.694,0.835,0.435,0.2,0.127
Nicaragua,Latin America and Caribbean,12.865416,-85.207229,2020,46,6.13710022,0.620033145,0.803093255,0.560117304,0.212871477,0.174084574
New Zealand,Australia and New Zealand,-40.900557,174.885971,2015,9,7.286,1.25018,0.90837,0.63938,0.47501,0.42922
New Zealand,Australia and New Zealand,-40.900557,174.885971,2016,8,7.334,1.36066,0.83096,0.58147,0.49401,0.41904
New Zealand,Australia and New Zealand,-40.900557,174.885971,2017,8,7.31400013,1.405706048,0.816759706,0.61406213,0.500005126,0.382816702
New Zealand,Australia and New Zealand,-40.900557,174.885971,2018,8,7.324,1.268,0.876,0.669,0.365,0.389
New Zealand,Australia and New Zealand,-40.900557,174.885971,2019,8,7.307,1.303,1.026,0.585,0.33,0.38
New Zealand,Australia and New Zealand,-40.900557,174.885971,2020,8,7.299600124,1.242317915,1.008138299,0.646789908,0.325726211,0.461268276
Netherlands,Western Europe,52.132633,5.291266,2015,7,7.378,1.32944,0.89284,0.61576,0.4761,0.31814
Netherlands,Western Europe,52.132633,5.291266,2016,7,7.339,1.46468,0.81231,0.55211,0.47416,0.29927
Netherlands,Western Europe,52.132633,5.291266,2017,6,7.376999855,1.503944635,0.810696125,0.585384488,0.47048983,0.282661825
Netherlands,Western Europe,52.132633,5.291266,2018,6,7.441,1.361,0.878,0.638,0.333,0.295
Netherlands,Western Europe,52.132633,5.291266,2019,5,7.488,1.396,0.999,0.557,0.322,0.298
Netherlands,Western Europe,52.132633,5.291266,2020,6,7.448900223,1.338946342,0.975675344,0.61362648,0.336317569,0.368569762
Nepal,Southern Asia,28.394857,84.124008,2015,121,4.514,0.35997,0.56874,0.38282,0.32296,0.05907
Nepal,Southern Asia,28.394857,84.124008,2016,107,4.793,0.44626,0.50073,0.37012,0.3816,0.07008
Nepal,Southern Asia,28.394857,84.124008,2017,99,4.961999893,0.479820192,0.504130781,0.440305948,0.394096166,0.072975546
Nepal,Southern Asia,28.394857,84.124008,2018,101,4.88,0.425,0.539,0.526,0.302,0.078
Nepal,Southern Asia,28.394857,84.124008,2019,100,4.913,0.446,0.677,0.439,0.285,0.089
Nepal,Southern Asia,28.394857,84.124008,2020,92,5.137199879,0.444050372,0.66887939,0.480608255,0.300971806,0.127502963
Namibia,Sub-Saharan Africa,-22.95764,18.49041,2016,113,4.574,0.93287,0.34745,0.48614,0.07795,0.10398
Namibia,Sub-Saharan Africa,-22.95764,18.49041,2017,111,4.573999882,0.964434326,0.338611811,0.520303547,0.077133745,0.093146972
Namibia,Sub-Saharan Africa,-22.95764,18.49041,2018,119,4.441,0.874,0.365,0.519,0.051,0.064
Namibia,Sub-Saharan Africa,-22.95764,18.49041,2019,113,4.639,0.879,0.477,0.401,0.07,0.056
Namibia,Sub-Saharan Africa,-22.95764,18.49041,2020,122,4.571100235,0.84008199,0.40687117,0.444598973,0.076454483,0.054320343
Myanmar,Southeastern Asia,16.48,96.9,2015,129,4.307,0.27108,0.48246,0.44017,0.79588,0.19034
Myanmar,Southeastern Asia,16.48,96.9,2016,119,4.395,0.34112,0.3988,0.42692,0.81971,0.20243
Myanmar,Southeastern Asia,16.48,96.9,2017,114,4.545000076,0.36711055,0.397522569,0.514492035,0.838075161,0.188816205
Myanmar,Southeastern Asia,16.48,96.9,2018,130,4.308,0.682,0.429,0.58,0.598,0.178
Myanmar,Southeastern Asia,16.48,96.9,2019,131,4.36,0.71,0.555,0.525,0.566,0.172
Myanmar,Southeastern Asia,16.48,96.9,2020,133,4.308000088,0.67809093,0.495443076,0.597478867,0.569813728,0.187530354
Mozambique,Sub-Saharan Africa,-18.665695,35.529562,2015,94,4.971,0.08308,0.09131,0.34037,0.22269,0.15603
Mozambique,Sub-Saharan Africa,-18.665695,35.529562,2017,113,4.550000191,0.23430565,0.106654435,0.480791092,0.322228104,0.179436386
Mozambique,Sub-Saharan Africa,-18.665695,35.529562,2018,123,4.417,0.198,0.173,0.531,0.206,0.158
Mozambique,Sub-Saharan Africa,-18.665695,35.529562,2019,123,4.466,0.204,0.39,0.494,0.197,0.138
Mozambique,Sub-Saharan Africa,-18.665695,35.529562,2020,120,4.623600006,0.178741366,0.324223638,0.56077534,0.220422104,0.163064316
Morocco,Middle East and Northern Africa,31.791702,-7.09262,2015,92,5.013,0.73479,0.60954,0.41691,0.07172,0.08546
Morocco,Middle East and Northern Africa,31.791702,-7.09262,2016,90,5.151,0.84058,0.59471,0.25646,0.04053,0.08404
Morocco,Middle East and Northern Africa,31.791702,-7.09262,2017,84,5.235000134,0.878114581,0.597710669,0.408158332,0.032209955,0.087763183
Morocco,Middle East and Northern Africa,31.791702,-7.09262,2018,85,5.254,0.779,0.669,0.46,0.026,0.074
Morocco,Middle East and Northern Africa,31.791702,-7.09262,2019,89,5.208,0.801,0.782,0.418,0.036,0.076
Morocco,Middle East and Northern Africa,31.791702,-7.09262,2020,97,5.094799995,0.75862211,0.745096922,0.450054139,0.040032551,0.077385604
Montenegro,Central and Eastern Europe,42.708678,19.37439,2015,82,5.192,0.97438,0.72521,0.1826,0.1614,0.14296
Montenegro,Central and Eastern Europe,42.708678,19.37439,2016,88,5.161,1.07838,0.63533,0.15111,0.17191,0.12721
Montenegro,Central and Eastern Europe,42.708678,19.37439,2017,83,5.236999989,1.121129036,0.667464674,0.194989055,0.197911024,0.088174194
Montenegro,Central and Eastern Europe,42.708678,19.37439,2018,81,5.347,1.017,0.729,0.259,0.111,0.081
Montenegro,Central and Eastern Europe,42.708678,19.37439,2019,73,5.523,1.051,0.871,0.197,0.142,0.08
Montenegro,Central and Eastern Europe,42.708678,19.37439,2020,72,5.54610014,1.010150075,0.839028895,0.303223848,0.14901033,0.098435111
Mongolia,Eastern Asia,46.862496,103.846656,2015,100,4.874,0.82819,0.60268,0.43626,0.3323,0.02666
Mongolia,Eastern Asia,46.862496,103.846656,2016,101,4.907,0.98853,0.55469,0.35972,0.34539,0.03285
Mongolia,Eastern Asia,46.862496,103.846656,2017,100,4.954999924,1.027235866,0.557783484,0.394143969,0.33846423,0.032902289
Mongolia,Eastern Asia,46.862496,103.846656,2018,94,5.125,0.914,0.575,0.395,0.253,0.032
Mongolia,Eastern Asia,46.862496,103.846656,2019,83,5.285,0.948,0.667,0.317,0.235,0.038
Mongolia,Eastern Asia,46.862496,103.846656,2020,81,5.456200123,0.904872775,0.615788162,0.355703115,0.263885736,0.046533126
Moldova,Central and Eastern Europe,47.411631,28.369885,2015,52,5.889,0.59448,0.61826,0.32818,0.20951,0.01615
Moldova,Central and Eastern Europe,47.411631,28.369885,2016,55,5.897,0.69177,0.52309,0.25202,0.19997,0.01903
Moldova,Central and Eastern Europe,47.411631,28.369885,2017,56,5.837999821,0.72887063,0.589465201,0.240729049,0.208779126,0.010091286
Moldova,Central and Eastern Europe,47.411631,28.369885,2018,67,5.64,0.657,0.62,0.232,0.171,0
Moldova,Central and Eastern Europe,47.411631,28.369885,2019,71,5.529,0.685,0.739,0.245,0.181,0
Moldova,Central and Eastern Europe,47.411631,28.369885,2020,70,5.607500076,0.707916796,0.713299453,0.389571488,0.174049184,0.014378744
Mexico,Latin America and Caribbean,23.634501,-102.552784,2015,14,7.187,1.02054,0.81444,0.48181,0.14074,0.21312
Mexico,Latin America and Caribbean,23.634501,-102.552784,2016,21,6.778,1.11508,0.71143,0.37709,0.11735,0.18355
Mexico,Latin America and Caribbean,23.634501,-102.552784,2017,25,6.578000069,1.153183818,0.709978998,0.412730008,0.120990433,0.132774115
Mexico,Latin America and Caribbean,23.634501,-102.552784,2018,24,6.488,1.038,0.761,0.479,0.069,0.095
Mexico,Latin America and Caribbean,23.634501,-102.552784,2019,23,6.595,1.07,0.861,0.433,0.074,0.073
Mexico,Latin America and Caribbean,23.634501,-102.552784,2020,24,6.465000153,1.024387479,0.831601024,0.553892553,0.083094485,0.083133668
Mauritius,Sub-Saharan Africa,-20.348404,57.552152,2015,71,5.477,1.00761,0.7095,0.56066,0.37744,0.07521
Mauritius,Sub-Saharan Africa,-20.348404,57.552152,2016,66,5.648,1.14372,0.66189,0.46145,0.36951,0.05203
Mauritius,Sub-Saharan Africa,-20.348404,57.552152,2017,64,5.629000187,1.189395547,0.638007462,0.491247326,0.360933751,0.042181555
Mauritius,Sub-Saharan Africa,-20.348404,57.552152,2018,55,5.891,1.09,0.684,0.584,0.245,0.05
Mauritius,Sub-Saharan Africa,-20.348404,57.552152,2019,57,5.888,1.12,0.798,0.498,0.215,0.06
Mauritius,Sub-Saharan Africa,-20.348404,57.552152,2020,49,6.101299763,1.07366395,0.763389409,0.590838134,0.186894551,0.084088229
Mauritania,Sub-Saharan Africa,21.00789,-10.940835,2015,124,4.436,0.45407,0.35874,0.24232,0.219,0.17461
Mauritania,Sub-Saharan Africa,21.00789,-10.940835,2016,130,4.201,0.61391,0.28639,0.1268,0.22686,0.17955
Mauritania,Sub-Saharan Africa,21.00789,-10.940835,2017,123,4.291999817,0.648457289,0.28534928,0.096098043,0.201870024,0.136957005
Mauritania,Sub-Saharan Africa,21.00789,-10.940835,2018,126,4.356,0.557,0.292,0.129,0.134,0.093
Mauritania,Sub-Saharan Africa,21.00789,-10.940835,2019,122,4.49,0.57,0.489,0.066,0.106,0.088
Mauritania,Sub-Saharan Africa,21.00789,-10.940835,2020,129,4.374599934,0.539684892,0.425184816,0.185714483,0.128899664,0.122257635
Malta,Western Europe,35.937496,14.375416,2015,37,6.302,1.2074,0.88721,0.60365,0.51752,0.13586
Malta,Western Europe,35.937496,14.375416,2016,30,6.488,1.30782,0.80315,0.54994,0.56237,0.17554
Malta,Western Europe,35.937496,14.375416,2017,27,6.52699995,1.343279839,0.821944237,0.588767052,0.574730575,0.153066069
Malta,Western Europe,35.937496,14.375416,2018,22,6.627,1.27,0.884,0.645,0.376,0.142
Malta,Western Europe,35.937496,14.375416,2019,22,6.726,1.3,0.999,0.564,0.375,0.151
Malta,Western Europe,35.937496,14.375416,2020,22,6.772799969,1.252513289,0.972042024,0.633239031,0.341180831,0.178864077
Mali,Sub-Saharan Africa,17.570692,-3.996166,2015,138,3.995,0.26074,0.20583,0.38857,0.18798,0.12352
Mali,Sub-Saharan Africa,17.570692,-3.996166,2016,135,4.073,0.31292,0.16347,0.27544,0.21064,0.13647
Mali,Sub-Saharan Africa,17.570692,-3.996166,2017,127,4.190000057,0.476180494,0.169365674,0.306613743,0.183354199,0.104970247
Mali,Sub-Saharan Africa,17.570692,-3.996166,2018,118,4.447,0.37,0.152,0.367,0.139,0.056
Mali,Sub-Saharan Africa,17.570692,-3.996166,2019,128,4.39,0.385,0.308,0.327,0.153,0.052
Mali,Sub-Saharan Africa,17.570692,-3.996166,2020,114,4.729300022,0.352462649,0.234981522,0.377534449,0.16966705,0.062146276
Maldives,Southern Asia,3.202778,73.22068,2020,87,5.197599888,0.937864304,0.914439559,0.548203647,0.224198252,0.071906492
Malaysia,Southeastern Asia,4.210484,101.975766,2015,61,5.77,1.12486,0.72394,0.53024,0.33075,0.10501
Malaysia,Southeastern Asia,4.210484,101.975766,2016,47,6.005,1.25142,0.62366,0.39031,0.41474,0.09081
Malaysia,Southeastern Asia,4.210484,101.975766,2017,42,6.084000111,1.29121542,0.618784428,0.402264982,0.41660893,0.065600708
Malaysia,Southeastern Asia,4.210484,101.975766,2018,35,6.322,1.161,0.669,0.356,0.311,0.059
Malaysia,Southeastern Asia,4.210484,101.975766,2019,80,5.339,1.221,0.828,0.508,0.26,0.024
Malaysia,Southeastern Asia,4.210484,101.975766,2020,82,5.384300232,1.168421626,0.788511872,0.596941531,0.274886161,0.062163133
Malawi,Sub-Saharan Africa,-13.254308,34.301525,2015,131,4.292,0.01604,0.22562,0.43054,0.33128,0.06977
Malawi,Sub-Saharan Africa,-13.254308,34.301525,2016,132,4.156,0.08709,0.29364,0.4143,0.30968,0.07564
Malawi,Sub-Saharan Africa,-13.254308,34.301525,2017,136,3.970000029,0.233442038,0.315089583,0.466914654,0.28717047,0.072711654
Malawi,Sub-Saharan Africa,-13.254308,34.301525,2018,147,3.587,0.186,0.306,0.531,0.21,0.08
Malawi,Sub-Saharan Africa,-13.254308,34.301525,2019,150,3.41,0.191,0.495,0.443,0.218,0.089
Malawi,Sub-Saharan Africa,-13.254308,34.301525,2020,145,3.538000107,0.176534727,0.446163297,0.487389833,0.213185057,0.131633952
Madagascar,Sub-Saharan Africa,-18.766947,46.869107,2015,147,3.681,0.20824,0.46721,0.19184,0.21333,0.08124
Madagascar,Sub-Saharan Africa,-18.766947,46.869107,2016,148,3.695,0.27954,0.37109,0.13684,0.2204,0.07506
Madagascar,Sub-Saharan Africa,-18.766947,46.869107,2017,144,3.644000053,0.305808693,0.375223309,0.189196765,0.20873253,0.067231975
Madagascar,Sub-Saharan Africa,-18.766947,46.869107,2018,143,3.774,0.262,0.402,0.221,0.155,0.049
Madagascar,Sub-Saharan Africa,-18.766947,46.869107,2019,143,3.933,0.274,0.555,0.148,0.169,0.041
Madagascar,Sub-Saharan Africa,-18.766947,46.869107,2020,137,4.165599823,0.244553208,0.500617027,0.192967549,0.191190064,0.076248638
Luxembourg,Western Europe,49.815273,6.129583,2015,17,6.946,1.56391,0.91894,0.61583,0.28034,0.37798
Luxembourg,Western Europe,49.815273,6.129583,2016,20,6.871,1.69752,0.84542,0.5487,0.27571,0.35329
Luxembourg,Western Europe,49.815273,6.129583,2017,18,6.862999916,1.741943598,0.845089495,0.596627891,0.283180982,0.318834424
Luxembourg,Western Europe,49.815273,6.129583,2018,17,6.91,1.576,0.896,0.632,0.196,0.321
Luxembourg,Western Europe,49.815273,6.129583,2019,14,7.09,1.609,1.012,0.526,0.194,0.316
Luxembourg,Western Europe,49.815273,6.129583,2020,10,7.237500191,1.536676049,0.986442685,0.610137045,0.19595392,0.367041469
Lithuania,Central and Eastern Europe,55.169438,23.881275,2015,56,5.833,1.14723,0.73128,0.21342,0.02641,0.01031
Lithuania,Central and Eastern Europe,55.169438,23.881275,2016,60,5.813,1.2692,0.64674,0.18929,0.02025,0.0182
Lithuania,Central and Eastern Europe,55.169438,23.881275,2017,52,5.90199995,1.314582348,0.62894994,0.234231785,0.010164657,0.011865643
Lithuania,Central and Eastern Europe,55.169438,23.881275,2018,50,5.952,1.197,0.716,0.35,0.026,0.006
Lithuania,Central and Eastern Europe,55.169438,23.881275,2019,42,6.149,1.238,0.818,0.291,0.043,0.042
Lithuania,Central and Eastern Europe,55.169438,23.881275,2020,41,6.215499878,1.193559647,0.795421183,0.42046079,0.053691041,0.081350274
Libya,Middle East and Northern Africa,26.3351,17.228331,2015,63,5.754,1.13145,0.7038,0.41668,0.18295,0.11023
Libya,Middle East and Northern Africa,26.3351,17.228331,2016,67,5.615,1.06688,0.52304,0.40672,0.17087,0.10339
Libya,Middle East and Northern Africa,26.3351,17.228331,2017,68,5.525000095,1.101803064,0.52016902,0.46573323,0.152073666,0.09261021
Libya,Middle East and Northern Africa,26.3351,17.228331,2018,70,5.566,0.985,0.553,0.496,0.116,0.148
Libya,Middle East and Northern Africa,26.3351,17.228331,2019,72,5.525,1.044,0.673,0.416,0.133,0.152
Libya,Middle East and Northern Africa,26.3351,17.228331,2020,80,5.488800049,1.021913767,0.615626633,0.451354057,0.142757699,0.172258079
Liberia,Sub-Saharan Africa,6.428055,-9.429499,2015,116,4.571,0.0712,0.34201,0.28531,0.24362,0.06232
Liberia,Sub-Saharan Africa,6.428055,-9.429499,2016,150,3.622,0.10706,0.23165,0.25748,0.24063,0.04852
Liberia,Sub-Saharan Africa,6.428055,-9.429499,2017,148,3.532999992,0.119041793,0.229918197,0.332881182,0.266549885,0.038948249
Liberia,Sub-Saharan Africa,6.428055,-9.429499,2018,149,3.495,0.076,0.267,0.419,0.206,0.03
Liberia,Sub-Saharan Africa,6.428055,-9.429499,2019,141,3.975,0.073,0.443,0.37,0.233,0.033
Liberia,Sub-Saharan Africa,6.428055,-9.429499,2020,124,4.557899952,0.174103007,0.392284274,0.405943096,0.226967871,0.051139876
Lesotho,Sub-Saharan Africa,-29.609988,28.233608,2015,97,4.898,0.37545,0.07612,0.31767,0.16388,0.12504
Lesotho,Sub-Saharan Africa,-29.609988,28.233608,2017,139,3.808000088,0.521021247,0,0.390661299,0.157497272,0.11909464
Lesotho,Sub-Saharan Africa,-29.609988,28.233608,2018,141,3.808,0.472,0.079,0.423,0.116,0.112
Lesotho,Sub-Saharan Africa,-29.609988,28.233608,2019,144,3.802,0.489,0.168,0.359,0.107,0.093
Lesotho,Sub-Saharan Africa,-29.609988,28.233608,2020,143,3.652800083,0.45493874,0.100934811,0.409367532,0.102627642,0.050483823
Lebanon,Middle East and Northern Africa,33.854721,35.862285,2015,103,4.839,1.02564,0.83947,0.33916,0.21854,0.04582
Lebanon,Middle East and Northern Africa,33.854721,35.862285,2016,93,5.129,1.12268,0.76171,0.26228,0.23693,0.03061
Lebanon,Middle East and Northern Africa,33.854721,35.862285,2017,88,5.224999905,1.074987531,0.735081077,0.288515985,0.264450759,0.03751383
Lebanon,Middle East and Northern Africa,33.854721,35.862285,2018,80,5.358,0.965,0.785,0.503,0.214,0.136
Lebanon,Middle East and Northern Africa,33.854721,35.862285,2019,91,5.197,0.987,0.815,0.216,0.166,0.027
Lebanon,Middle East and Northern Africa,33.854721,35.862285,2020,111,4.771500111,0.889232516,0.788671136,0.18551667,0.158524141,0.021518147
Latvia,Central and Eastern Europe,56.879635,24.603189,2015,89,5.098,1.11312,0.72437,0.29671,0.18226,0.06332
Latvia,Central and Eastern Europe,56.879635,24.603189,2016,68,5.56,1.21788,0.63952,0.27996,0.17445,0.0889
Latvia,Central and Eastern Europe,56.879635,24.603189,2017,54,5.849999905,1.260748625,0.638566971,0.325707912,0.153074786,0.073842727
Latvia,Central and Eastern Europe,56.879635,24.603189,2018,53,5.933,1.148,0.671,0.363,0.092,0.066
Latvia,Central and Eastern Europe,56.879635,24.603189,2019,53,5.94,1.187,0.812,0.264,0.075,0.064
Latvia,Central and Eastern Europe,56.879635,24.603189,2020,57,5.949999809,1.14139545,0.777902424,0.329198807,0.075407945,0.090391524
Laos,Southeastern Asia,19.85627,102.495496,2015,99,4.876,0.59066,0.54909,0.59591,0.42192,0.24249
Laos,Southeastern Asia,19.85627,102.495496,2016,102,4.876,0.68042,0.38291,0.52168,0.43079,0.22423
Laos,Southeastern Asia,19.85627,102.495496,2018,110,4.623,0.72,0.441,0.626,0.23,0.174
Laos,Southeastern Asia,19.85627,102.495496,2019,105,4.796,0.764,0.551,0.547,0.266,0.164
Laos,Southeastern Asia,19.85627,102.495496,2020,104,4.888599873,0.714693844,0.486378282,0.612027287,0.27266711,0.194273964
Kyrgyzstan,Central and Eastern Europe,41.20438,74.766098,2015,77,5.286,0.47428,0.65088,0.43477,0.3003,0.04232
Kyrgyzstan,Central and Eastern Europe,41.20438,74.766098,2016,85,5.185,0.56044,0.55449,0.40212,0.38432,0.04762
Kyrgyzstan,Central and Eastern Europe,41.20438,74.766098,2017,98,5.004000187,0.596220076,0.553457797,0.454943389,0.428580374,0.039439179
Kyrgyzstan,Central and Eastern Europe,41.20438,74.766098,2018,92,5.131,0.53,0.594,0.54,0.281,0.035
Kyrgyzstan,Central and Eastern Europe,41.20438,74.766098,2019,86,5.261,0.551,0.723,0.508,0.3,0.023
Kyrgyzstan,Central and Eastern Europe,41.20438,74.766098,2020,74,5.541500092,0.513180971,0.680645883,0.614617765,0.30137074,0.030466691
Kuwait,Middle East and Northern Africa,29.31166,47.481766,2015,39,6.295,1.55422,0.72492,0.55499,0.16228,0.25609
Kuwait,Middle East and Northern Africa,29.31166,47.481766,2016,41,6.239,1.61714,0.63569,0.43166,0.15965,0.23669
Kuwait,Middle East and Northern Africa,29.31166,47.481766,2017,39,6.105000019,1.632952452,0.632105708,0.496337593,0.228289798,0.21515955
Kuwait,Middle East and Northern Africa,29.31166,47.481766,2018,45,6.083,1.474,0.675,0.554,0.167,0.106
Kuwait,Middle East and Northern Africa,29.31166,47.481766,2019,51,6.021,1.5,0.808,0.493,0.142,0.097
Kuwait,Middle East and Northern Africa,29.31166,47.481766,2020,48,6.102099895,1.424833655,0.776468933,0.570261419,0.132751092,0.112814933
Kosovo,Central and Eastern Europe,42.602636,20.902977,2015,69,5.589,0.80148,0.63132,0.24749,0.2831,0.04741
Kosovo,Central and Eastern Europe,42.602636,20.902977,2016,77,5.401,0.90145,0.54,0.14396,0.27992,0.06547
Kosovo,Central and Eastern Europe,42.602636,20.902977,2017,78,5.278999805,0.951484382,0.54145205,0.260287941,0.319931448,0.057471618
Kosovo,Central and Eastern Europe,42.602636,20.902977,2018,66,5.662,0.855,0.578,0.448,0.274,0.023
Kosovo,Central and Eastern Europe,42.602636,20.902977,2019,46,6.1,0.882,0.758,0.489,0.262,0.006
Kosovo,Central and Eastern Europe,42.602636,20.902977,2020,35,6.325200081,0.840481341,0.672709167,0.557280421,0.325286865,0.008559024
Kenya,Sub-Saharan Africa,-0.023559,37.906193,2015,125,4.419,0.36471,0.41435,0.42215,0.37542,0.05839
Kenya,Sub-Saharan Africa,-0.023559,37.906193,2016,122,4.356,0.52267,0.30147,0.40576,0.41328,0.06686
Kenya,Sub-Saharan Africa,-0.023559,37.906193,2017,112,4.552999973,0.560479462,0.30998835,0.452763766,0.444860309,0.064641319
Kenya,Sub-Saharan Africa,-0.023559,37.906193,2018,124,4.41,0.493,0.454,0.504,0.352,0.055
Kenya,Sub-Saharan Africa,-0.023559,37.906193,2019,121,4.509,0.512,0.581,0.431,0.372,0.053
Kenya,Sub-Saharan Africa,-0.023559,37.906193,2020,121,4.583000183,0.476413399,0.536312759,0.519180536,0.393902093,0.067201078
Kazakhstan,Central and Eastern Europe,48.019573,66.923684,2015,54,5.855,1.12254,0.64368,0.51649,0.11827,0.08454
Kazakhstan,Central and Eastern Europe,48.019573,66.923684,2016,54,5.919,1.22943,0.57386,0.4052,0.15011,0.11132
Kazakhstan,Central and Eastern Europe,48.019573,66.923684,2017,60,5.818999767,1.28455627,0.606041551,0.437454283,0.201964423,0.119282886
Kazakhstan,Central and Eastern Europe,48.019573,66.923684,2018,60,5.79,1.143,0.631,0.454,0.148,0.121
Kazakhstan,Central and Eastern Europe,48.019573,66.923684,2019,60,5.809,1.173,0.729,0.41,0.146,0.096
Kazakhstan,Central and Eastern Europe,48.019573,66.923684,2020,50,6.057899952,1.122594237,0.698788941,0.497432142,0.153713793,0.110463686
Jordan,Middle East and Northern Africa,30.585164,36.238414,2015,82,5.192,0.90198,0.69639,0.40661,0.11053,0.14293
Jordan,Middle East and Northern Africa,30.585164,36.238414,2016,80,5.303,0.99673,0.60712,0.36023,0.14262,0.13297
Jordan,Middle East and Northern Africa,30.585164,36.238414,2017,74,5.335999966,0.991012394,0.604590058,0.418421149,0.17217046,0.119803272
Jordan,Middle East and Northern Africa,30.585164,36.238414,2018,90,5.161,0.822,0.645,0.468,0.13,0.134
Jordan,Middle East and Northern Africa,30.585164,36.238414,2019,101,4.906,0.837,0.815,0.383,0.11,0.13
Jordan,Middle East and Northern Africa,30.585164,36.238414,2020,119,4.633399963,0.785179198,0.777624726,0.424855083,0.091494769,0.151878625
Japan,Eastern Asia,36.204824,138.252924,2015,46,5.987,1.27074,0.99111,0.49615,0.10705,0.1806
Japan,Eastern Asia,36.204824,138.252924,2016,53,5.921,1.38007,0.91491,0.46761,0.10224,0.18985
Japan,Eastern Asia,36.204824,138.252924,2017,51,5.920000076,1.416915178,0.913475871,0.505625546,0.120572768,0.163760737
Japan,Eastern Asia,36.204824,138.252924,2018,54,5.915,1.294,0.988,0.553,0.079,0.15
Japan,Eastern Asia,36.204824,138.252924,2019,58,5.886,1.327,1.088,0.445,0.069,0.14
Japan,Eastern Asia,36.204824,138.252924,2020,62,5.870800018,1.26672411,1.072881341,0.495465875,0.03571178,0.181439638
Jamaica,Latin America and Caribbean,18.109581,-77.297508,2015,65,5.709,0.81038,0.68741,0.50442,0.2123,0.02299
Jamaica,Latin America and Caribbean,18.109581,-77.297508,2016,73,5.51,0.89333,0.59469,0.43597,0.22245,0.04294
Jamaica,Latin America and Caribbean,18.109581,-77.297508,2017,76,5.31099987,0.925579309,0.641022384,0.474307239,0.233818337,0.055267781
Jamaica,Latin America and Caribbean,18.109581,-77.297508,2018,56,5.89,0.819,0.693,0.575,0.096,0.031
Jamaica,Latin America and Caribbean,18.109581,-77.297508,2019,56,5.89,0.831,0.831,0.49,0.107,0.028
Jamaica,Latin America and Caribbean,18.109581,-77.297508,2020,60,5.889800072,0.779058397,0.788434088,0.553124607,0.116268493,0.030147785
Italy,Western Europe,41.87194,12.56738,2015,50,5.948,1.25114,0.95446,0.26236,0.22823,0.02901
Italy,Western Europe,41.87194,12.56738,2016,50,5.977,1.35495,0.85102,0.18827,0.16684,0.02556
Italy,Western Europe,41.87194,12.56738,2017,48,5.964000225,1.395066619,0.853144348,0.256450713,0.172789648,0.028028091
Italy,Western Europe,41.87194,12.56738,2018,47,6,1.264,0.946,0.281,0.137,0.028
Italy,Western Europe,41.87194,12.56738,2019,36,6.223,1.294,1.039,0.231,0.158,0.03
Italy,Western Europe,41.87194,12.56738,2020,30,6.38740015,1.236396074,1.022504926,0.321305573,0.170266211,0.040145598
Israel,Middle East and Northern Africa,31.046051,34.851612,2015,11,7.278,1.22857,0.91387,0.41319,0.33172,0.07785
Israel,Middle East and Northern Africa,31.046051,34.851612,2016,11,7.267,1.33766,0.84917,0.36432,0.32288,0.08728
Israel,Middle East and Northern Africa,31.046051,34.851612,2017,11,7.212999821,1.375382423,0.838404,0.405988604,0.330082655,0.0852421
Israel,Middle East and Northern Africa,31.046051,34.851612,2018,19,6.814,1.301,0.883,0.533,0.354,0.272
Israel,Middle East and Northern Africa,31.046051,34.851612,2019,13,7.139,1.276,1.029,0.371,0.261,0.082
Israel,Middle East and Northern Africa,31.046051,34.851612,2020,14,7.128600121,1.216463685,1.008052945,0.420699477,0.266861796,0.09989845
Ireland,Western Europe,53.41291,-8.24389,2015,18,6.94,1.33596,0.89533,0.61777,0.45901,0.28703
Ireland,Western Europe,53.41291,-8.24389,2016,19,6.907,1.48341,0.81455,0.54008,0.44963,0.29754
Ireland,Western Europe,53.41291,-8.24389,2017,15,6.977000237,1.535706639,0.809782624,0.573110342,0.427858323,0.298388153
Ireland,Western Europe,53.41291,-8.24389,2018,14,6.977,1.448,0.876,0.614,0.307,0.306
Ireland,Western Europe,53.41291,-8.24389,2019,16,7.021,1.499,0.999,0.516,0.298,0.31
Ireland,Western Europe,53.41291,-8.24389,2020,16,7.093699932,1.446886778,0.975670695,0.587779939,0.295426995,0.373433262
Iraq,Middle East and Northern Africa,33.223191,43.679291,2015,112,4.677,0.98549,0.60237,0,0.17922,0.13788
Iraq,Middle East and Northern Africa,33.223191,43.679291,2016,112,4.575,1.07474,0.51076,0.24856,0.19589,0.13636
Iraq,Middle East and Northern Africa,33.223191,43.679291,2017,117,4.497000217,1.102710485,0.50118047,0.288555533,0.199637264,0.107215755
Iraq,Middle East and Northern Africa,33.223191,43.679291,2018,117,4.456,1.01,0.536,0.304,0.148,0.095
Iraq,Middle East and Northern Africa,33.223191,43.679291,2019,126,4.437,1.043,0.574,0.241,0.148,0.089
Iraq,Middle East and Northern Africa,33.223191,43.679291,2020,110,4.784800053,0.982018709,0.529350698,0.283588052,0.153002068,0.073164992
Iran,Middle East and Northern Africa,32.427908,53.688046,2015,110,4.686,1.0088,0.69805,0.30033,0.38086,0.05863
Iran,Middle East and Northern Africa,32.427908,53.688046,2016,105,4.813,1.11758,0.64232,0.22544,0.38538,0.0557
Iran,Middle East and Northern Africa,32.427908,53.688046,2017,108,4.691999912,1.156873107,0.639333189,0.249322608,0.387242913,0.048761073
Iran,Middle East and Northern Africa,32.427908,53.688046,2018,106,4.707,1.059,0.691,0.459,0.282,0.129
Iran,Middle East and Northern Africa,32.427908,53.688046,2019,117,4.548,1.1,0.785,0.305,0.27,0.125
Iran,Middle East and Northern Africa,32.427908,53.688046,2020,118,4.672399998,1.029322505,0.749053836,0.301195472,0.27697894,0.142651513
Indonesia,Southeastern Asia,-0.789275,113.921327,2015,74,5.399,0.82827,0.63793,0.46611,0.51535,0
Indonesia,Southeastern Asia,-0.789275,113.921327,2016,79,5.314,0.95104,0.49374,0.39237,0.56521,0.00322
Indonesia,Southeastern Asia,-0.789275,113.921327,2017,81,5.262000084,0.995538592,0.492345721,0.443323463,0.611704588,0.015317135
Indonesia,Southeastern Asia,-0.789275,113.921327,2018,96,5.093,0.899,0.522,0.538,0.484,0.018
Indonesia,Southeastern Asia,-0.789275,113.921327,2019,92,5.192,0.931,0.66,0.491,0.498,0.028
Indonesia,Southeastern Asia,-0.789275,113.921327,2020,84,5.285600185,0.891720712,0.610437036,0.568161428,0.542646527,0.038278613
India,Southern Asia,20.593684,78.96288,2015,117,4.565,0.64499,0.51529,0.39786,0.26475,0.08492
India,Southern Asia,20.593684,78.96288,2016,118,4.404,0.74036,0.45091,0.40285,0.25028,0.08722
India,Southern Asia,20.593684,78.96288,2017,122,4.315000057,0.792221248,0.455427617,0.469987005,0.231538489,0.092226885
India,Southern Asia,20.593684,78.96288,2018,133,4.19,0.721,0.485,0.539,0.172,0.093
India,Southern Asia,20.593684,78.96288,2019,140,4.015,0.755,0.588,0.498,0.2,0.085
India,Southern Asia,20.593684,78.96288,2020,144,3.573299885,0.730576158,0.54057014,0.581142247,0.237072483,0.105587982
Iceland,Western Europe,64.963051,-19.020835,2015,2,7.561,1.30232,0.94784,0.62877,0.4363,0.14145
Iceland,Western Europe,64.963051,-19.020835,2016,3,7.501,1.42666,0.86733,0.56624,0.47678,0.14975
Iceland,Western Europe,64.963051,-19.020835,2017,3,7.504000187,1.48063302,0.833552122,0.627162635,0.475540221,0.153526559
Iceland,Western Europe,64.963051,-19.020835,2018,4,7.495,1.343,0.914,0.677,0.353,0.138
Iceland,Western Europe,64.963051,-19.020835,2019,4,7.494,1.38,1.026,0.591,0.354,0.118
Iceland,Western Europe,64.963051,-19.020835,2020,4,7.504499912,1.326501608,1.000843406,0.661980748,0.362330228,0.144540772
Hungary,Central and Eastern Europe,47.162494,19.503304,2015,104,4.8,1.12094,0.75905,0.32112,0.128,0.02758
Hungary,Central and Eastern Europe,47.162494,19.503304,2016,91,5.145,1.24142,0.67608,0.1977,0.099,0.04472
Hungary,Central and Eastern Europe,47.162494,19.503304,2017,75,5.323999882,1.286011934,0.687763453,0.175863519,0.078401662,0.036636937
Hungary,Central and Eastern Europe,47.162494,19.503304,2018,69,5.62,1.171,0.732,0.259,0.061,0.022
Hungary,Central and Eastern Europe,47.162494,19.503304,2019,62,5.758,1.201,0.828,0.199,0.081,0.02
Hungary,Central and Eastern Europe,47.162494,19.503304,2020,53,6.000400066,1.164307117,0.806793869,0.386401802,0.070491239,0.027548173
Hong Kong,Eastern Asia,22.396428,114.109497,2015,72,5.474,1.38604,1.01328,0.59608,0.39478,0.37124
Hong Kong,Eastern Asia,22.396428,114.109497,2016,75,5.458,1.5107,0.95277,0.48079,0.40097,0.31647
Hong Kong,Eastern Asia,22.396428,114.109497,2018,76,5.43,1.405,1.03,0.524,0.246,0.291
Hong Kong,Eastern Asia,22.396428,114.109497,2019,76,5.43,1.438,1.122,0.44,0.258,0.287
Honduras,Latin America and Caribbean,15.199999,-86.241905,2015,105,4.788,0.59532,0.6951,0.40148,0.23027,0.06825
Honduras,Latin America and Caribbean,15.199999,-86.241905,2016,104,4.871,0.69429,0.58383,0.26755,0.2044,0.06906
Honduras,Latin America and Caribbean,15.199999,-86.241905,2017,91,5.181000233,0.730573118,0.58256948,0.34807986,0.236188874,0.073345453
Honduras,Latin America and Caribbean,15.199999,-86.241905,2018,72,5.504,0.62,0.622,0.459,0.197,0.074
Honduras,Latin America and Caribbean,15.199999,-86.241905,2019,59,5.86,0.642,0.828,0.507,0.246,0.078
Honduras,Latin America and Caribbean,15.199999,-86.241905,2020,56,5.953199863,0.598763585,0.791989982,0.568148077,0.256528199,0.086807102
Haiti,Latin America and Caribbean,18.971187,-72.285215,2015,119,4.518,0.26673,0.38847,0.24425,0.46187,0.17175
Haiti,Latin America and Caribbean,18.971187,-72.285215,2016,136,4.028,0.34097,0.27494,0.12072,0.47958,0.14476
Haiti,Latin America and Caribbean,18.971187,-72.285215,2017,145,3.602999926,0.368610263,0.27732113,0.030369857,0.489203781,0.09987215
Haiti,Latin America and Caribbean,18.971187,-72.285215,2018,148,3.582,0.315,0.289,0.025,0.392,0.104
Haiti,Latin America and Caribbean,18.971187,-72.285215,2019,147,3.597,0.323,0.449,0.026,0.419,0.11
Haiti,Latin America and Caribbean,18.971187,-72.285215,2020,142,3.720799923,0.284734428,0.37436673,0.169297516,0.463909656,0.161935672
Guinea,Sub-Saharan Africa,9.945587,-9.696645,2015,150,3.656,0.17417,0.24009,0.37725,0.28657,0.12139
Guinea,Sub-Saharan Africa,9.945587,-9.696645,2016,151,3.607,0.22415,0.18829,0.30953,0.29914,0.1192
Guinea,Sub-Saharan Africa,9.945587,-9.696645,2017,149,3.506999969,0.24454993,0.194129139,0.348587513,0.264815092,0.110937618
Guinea,Sub-Saharan Africa,9.945587,-9.696645,2018,140,3.964,0.344,0.211,0.394,0.185,0.094
Guinea,Sub-Saharan Africa,9.945587,-9.696645,2019,118,4.534,0.38,0.375,0.332,0.207,0.086
Guinea,Sub-Saharan Africa,9.945587,-9.696645,2020,102,4.949299812,0.390007734,0.333655238,0.371878058,0.249490842,0.112204559
Guatemala,Latin America and Caribbean,15.783471,-90.230759,2015,43,6.123,0.74553,0.64425,0.57733,0.27489,0.09472
Guatemala,Latin America and Caribbean,15.783471,-90.230759,2016,39,6.324,0.83454,0.54039,0.50379,0.28808,0.08701
Guatemala,Latin America and Caribbean,15.783471,-90.230759,2017,29,6.453999996,0.872001946,0.54023999,0.531310618,0.283488393,0.077223279
Guatemala,Latin America and Caribbean,15.783471,-90.230759,2018,30,6.382,0.781,0.608,0.604,0.179,0.071
Guatemala,Latin America and Caribbean,15.783471,-90.230759,2019,27,6.436,0.8,0.746,0.535,0.175,0.078
Guatemala,Latin America and Caribbean,15.783471,-90.230759,2020,29,6.398900032,0.753815711,0.705952585,0.613146722,0.170611665,0.0983603
Greece,Western Europe,39.074208,21.824312,2015,102,4.857,1.15406,0.88213,0.07699,0,0.01397
Greece,Western Europe,39.074208,21.824312,2016,99,5.033,1.24886,0.80029,0.05822,0,0.04127
Greece,Western Europe,39.074208,21.824312,2017,87,5.227000237,1.289487481,0.810198903,0.095731251,0,0.043289777
Greece,Western Europe,39.074208,21.824312,2018,79,5.358,1.154,0.879,0.131,0,0.044
Greece,Western Europe,39.074208,21.824312,2019,82,5.287,1.181,0.999,0.067,0,0.034
Greece,Western Europe,39.074208,21.824312,2020,77,5.514999866,1.128070116,0.979431748,0.173516348,0,0.048844352
Ghana,Sub-Saharan Africa,7.946527,-1.023194,2015,114,4.633,0.54558,0.40132,0.42342,0.23087,0.04355
Ghana,Sub-Saharan Africa,7.946527,-1.023194,2016,124,4.276,0.63107,0.29681,0.40973,0.21203,0.0326
Ghana,Sub-Saharan Africa,7.946527,-1.023194,2017,131,4.119999886,0.667224824,0.295637727,0.423026294,0.256923944,0.02533637
Ghana,Sub-Saharan Africa,7.946527,-1.023194,2018,108,4.657,0.592,0.337,0.499,0.212,0.029
Ghana,Sub-Saharan Africa,7.946527,-1.023194,2019,98,4.996,0.611,0.486,0.381,0.245,0.04
Ghana,Sub-Saharan Africa,7.946527,-1.023194,2020,91,5.147999763,0.575862467,0.432162255,0.477290064,0.261291206,0.056570381
Germany,Western Europe,51.165691,10.451526,2015,26,6.75,1.32792,0.89186,0.61477,0.28214,0.21843
Germany,Western Europe,51.165691,10.451526,2016,16,6.994,1.44787,0.81487,0.53466,0.30452,0.28551
Germany,Western Europe,51.165691,10.451526,2017,16,6.951000214,1.487923384,0.798950732,0.562511384,0.33626917,0.276731938
Germany,Western Europe,51.165691,10.451526,2018,15,6.965,1.34,0.861,0.586,0.273,0.28
Germany,Western Europe,51.165691,10.451526,2019,17,6.985,1.373,0.987,0.495,0.261,0.265
Germany,Western Europe,51.165691,10.451526,2020,17,7.075799942,1.314184546,0.972114801,0.564274132,0.252037704,0.309362292
Georgia,Central and Eastern Europe,42.315407,43.356892,2015,130,4.297,0.7419,0.72926,0.40577,0.05547,0.38331
Georgia,Central and Eastern Europe,42.315407,43.356892,2016,126,4.252,0.83792,0.64035,0.32461,0.06786,0.3188
Georgia,Central and Eastern Europe,42.315407,43.356892,2017,125,4.285999775,0.950612664,0.649546981,0.309410036,0.054008815,0.251666635
Georgia,Central and Eastern Europe,42.315407,43.356892,2018,128,4.34,0.853,0.643,0.375,0.038,0.215
Georgia,Central and Eastern Europe,42.315407,43.356892,2019,119,4.519,0.886,0.752,0.346,0.043,0.164
Georgia,Central and Eastern Europe,42.315407,43.356892,2020,117,4.672599792,0.847198069,0.694657624,0.485494107,0.047609735,0.174088076
Gambia,Sub-Saharan Africa,13.443182,-15.310139,2019,120,4.516,0.308,0.428,0.382,0.269,0.167
Gambia,Sub-Saharan Africa,13.443182,-15.310139,2020,113,4.750599861,0.256990552,0.353247881,0.403419524,0.425989687,0.158093795
Gabon,Sub-Saharan Africa,-0.803689,11.609444,2015,143,3.896,1.06024,0.43372,0.31914,0.06822,0.11091
Gabon,Sub-Saharan Africa,-0.803689,11.609444,2016,134,4.121,1.15851,0.3494,0.28098,0.06244,0.09314
Gabon,Sub-Saharan Africa,-0.803689,11.609444,2017,118,4.465000153,1.198210239,0.356578588,0.312328577,0.043785378,0.076046787
Gabon,Sub-Saharan Africa,-0.803689,11.609444,2018,103,4.758,1.036,0.404,0.356,0.032,0.052
Gabon,Sub-Saharan Africa,-0.803689,11.609444,2019,104,4.799,1.057,0.571,0.295,0.043,0.055
Gabon,Sub-Saharan Africa,-0.803689,11.609444,2020,108,4.829299927,0.988044381,0.522574842,0.369459897,0.052013602,0.055804539
France,Western Europe,46.227638,2.213749,2015,29,6.575,1.27778,0.94579,0.55011,0.12332,0.20646
France,Western Europe,46.227638,2.213749,2016,32,6.478,1.39488,0.83795,0.46562,0.1216,0.17808
France,Western Europe,46.227638,2.213749,2017,31,6.441999912,1.430923462,0.844465852,0.470222116,0.129762307,0.172502428
France,Western Europe,46.227638,2.213749,2018,23,6.489,1.293,0.908,0.52,0.098,0.176
France,Western Europe,46.227638,2.213749,2019,24,6.592,1.324,1.045,0.436,0.111,0.183
France,Western Europe,46.227638,2.213749,2020,23,6.663799763,1.268129349,1.029714227,0.514050901,0.112607703,0.227303237
Finland,Western Europe,61.92411,25.748151,2015,6,7.406,1.29025,0.88911,0.64169,0.23351,0.41372
Finland,Western Europe,61.92411,25.748151,2016,5,7.413,1.40598,0.81091,0.57104,0.25492,0.41004
Finland,Western Europe,61.92411,25.748151,2017,5,7.468999863,1.443571925,0.80915767,0.617950857,0.245482773,0.382611543
Finland,Western Europe,61.92411,25.748151,2018,1,7.632,1.305,0.874,0.681,0.202,0.393
Finland,Western Europe,61.92411,25.748151,2019,1,7.769,1.34,0.986,0.596,0.153,0.393
Finland,Western Europe,61.92411,25.748151,2020,1,7.808700085,1.285189509,0.961271405,0.66231674,0.159670442,0.477857262
Ethiopia,Sub-Saharan Africa,9.145,40.489673,2015,122,4.512,0.19073,0.44055,0.4345,0.24325,0.15048
Ethiopia,Sub-Saharan Africa,9.145,40.489673,2016,115,4.508,0.29283,0.34578,0.36703,0.29522,0.1717
Ethiopia,Sub-Saharan Africa,9.145,40.489673,2017,119,4.460000038,0.339233845,0.353409708,0.408842742,0.31265074,0.165455714
Ethiopia,Sub-Saharan Africa,9.145,40.489673,2018,127,4.35,0.308,0.391,0.452,0.22,0.146
Ethiopia,Sub-Saharan Africa,9.145,40.489673,2019,134,4.286,0.336,0.532,0.344,0.209,0.1
Ethiopia,Sub-Saharan Africa,9.145,40.489673,2020,136,4.186200142,0.315125644,0.483846247,0.41256687,0.227698103,0.117437035
Estonia,Central and Eastern Europe,58.595272,25.013607,2015,73,5.429,1.15174,0.77361,0.44888,0.0868,0.15184
Estonia,Central and Eastern Europe,58.595272,25.013607,2016,72,5.517,1.27964,0.68098,0.41511,0.08423,0.18519
Estonia,Central and Eastern Europe,58.595272,25.013607,2017,66,5.611000061,1.32087934,0.695168316,0.47913143,0.098890811,0.183248922
Estonia,Central and Eastern Europe,58.595272,25.013607,2018,63,5.739,1.2,0.737,0.553,0.086,0.174
Estonia,Central and Eastern Europe,58.595272,25.013607,2019,55,5.893,1.237,0.874,0.495,0.103,0.161
Estonia,Central and Eastern Europe,58.595272,25.013607,2020,51,6.021800041,1.192441225,0.842615008,0.576664805,0.125136748,0.201766819
El Salvador,Latin America and Caribbean,13.794185,-88.89653,2015,42,6.13,0.76454,0.67737,0.4035,0.10692,0.11776
El Salvador,Latin America and Caribbean,13.794185,-88.89653,2016,46,6.068,0.8737,0.596,0.37269,0.08877,0.10613
El Salvador,Latin America and Caribbean,13.794185,-88.89653,2017,45,6.002999783,0.909784496,0.596018553,0.43245253,0.078257985,0.08998096
El Salvador,Latin America and Caribbean,13.794185,-88.89653,2018,40,6.167,0.806,0.639,0.461,0.065,0.082
El Salvador,Latin America and Caribbean,13.794185,-88.89653,2019,35,6.253,0.794,0.789,0.43,0.093,0.074
El Salvador,Latin America and Caribbean,13.794185,-88.89653,2020,34,6.34829998,0.748940408,0.752730012,0.524043918,0.1189363,0.117030352
Egypt,Middle East and Northern Africa,26.820553,30.802498,2015,135,4.194,0.8818,0.61712,0.17288,0.11291,0.06324
Egypt,Middle East and Northern Africa,26.820553,30.802498,2016,120,4.362,0.95395,0.52116,0.18847,0.12706,0.10393
Egypt,Middle East and Northern Africa,26.820553,30.802498,2017,104,4.735000134,0.989701807,0.520187259,0.282110155,0.128631443,0.114381365
Egypt,Middle East and Northern Africa,26.820553,30.802498,2018,122,4.419,0.885,0.553,0.312,0.092,0.107
Egypt,Middle East and Northern Africa,26.820553,30.802498,2019,137,4.166,0.913,0.644,0.241,0.076,0.067
Egypt,Middle East and Northern Africa,26.820553,30.802498,2020,138,4.151400089,0.875228941,0.596911311,0.373684734,0.068801254,0.095461793
Ecuador,Latin America and Caribbean,-1.831239,-78.183406,2015,48,5.975,0.86402,0.79075,0.48574,0.11541,0.1809
Ecuador,Latin America and Caribbean,-1.831239,-78.183406,2016,51,5.976,0.97306,0.68613,0.4027,0.10074,0.18037
Ecuador,Latin America and Caribbean,-1.831239,-78.183406,2017,44,6.007999897,1.000820398,0.685636222,0.455198199,0.150112465,0.140134647
Ecuador,Latin America and Caribbean,-1.831239,-78.183406,2018,48,5.973,0.889,0.736,0.556,0.114,0.12
Ecuador,Latin America and Caribbean,-1.831239,-78.183406,2019,50,6.028,0.912,0.868,0.498,0.126,0.087
Ecuador,Latin America and Caribbean,-1.831239,-78.183406,2020,58,5.925199986,0.853383601,0.838837743,0.555234551,0.115006477,0.086753383
Dominican Republic,Latin America and Caribbean,18.735693,-70.162651,2015,98,4.885,0.89537,0.66825,0.57672,0.21684,0.14234
Dominican Republic,Latin America and Caribbean,18.735693,-70.162651,2016,89,5.155,1.02787,0.57669,0.52259,0.21286,0.12372
Dominican Republic,Latin America and Caribbean,18.735693,-70.162651,2017,86,5.230000019,1.079373837,0.574873745,0.552589834,0.18696785,0.113945253
Dominican Republic,Latin America and Caribbean,18.735693,-70.162651,2018,83,5.302,0.982,0.614,0.578,0.12,0.106
Dominican Republic,Latin America and Caribbean,18.735693,-70.162651,2019,77,5.425,1.015,0.779,0.497,0.113,0.101
Dominican Republic,Latin America and Caribbean,18.735693,-70.162651,2020,68,5.689199924,0.983191848,0.741901696,0.5628739,0.112196781,0.115945682
Djibouti,Sub-Saharan Africa,11.825138,42.590275,2015,126,4.369,0.44025,0.36291,0.46074,0.18093,0.28105
Denmark,Western Europe,56.26392,9.501785,2015,3,7.527,1.32548,0.87464,0.64938,0.34139,0.48357
Denmark,Western Europe,56.26392,9.501785,2016,1,7.526,1.44178,0.79504,0.57941,0.36171,0.44453
Denmark,Western Europe,56.26392,9.501785,2017,2,7.521999836,1.482383013,0.792565525,0.626006722,0.355280489,0.400770068
Denmark,Western Europe,56.26392,9.501785,2018,3,7.555,1.351,0.868,0.683,0.284,0.408
Denmark,Western Europe,56.26392,9.501785,2019,2,7.6,1.383,0.996,0.592,0.252,0.41
Denmark,Western Europe,56.26392,9.501785,2020,2,7.645599842,1.326948524,0.979332566,0.665039897,0.242793396,0.495260328
Czech Republic,Central and Eastern Europe,49.817492,15.472962,2015,31,6.505,1.17898,0.84483,0.46364,0.10686,0.02652
Czech Republic,Central and Eastern Europe,49.817492,15.472962,2016,27,6.596,1.30915,0.76376,0.41418,0.09929,0.03986
Czech Republic,Central and Eastern Europe,49.817492,15.472962,2017,23,6.609000206,1.352682352,0.754444003,0.490946174,0.088106759,0.036872927
Czech Republic,Central and Eastern Europe,49.817492,15.472962,2018,21,6.711,1.233,0.854,0.543,0.064,0.034
Czech Republic,Central and Eastern Europe,49.817492,15.472962,2019,20,6.852,1.269,0.92,0.457,0.046,0.036
Czech Republic,Central and Eastern Europe,49.817492,15.472962,2020,19,6.910900116,1.212322354,0.89456445,0.505744576,0.046325929,0.049803223
Cyprus,Western Europe,35.126413,33.429859,2015,67,5.689,1.20813,0.92356,0.40672,0.30638,0.06146
Cyprus,Western Europe,35.126413,33.429859,2016,69,5.546,1.31857,0.8488,0.29507,0.27906,0.05228
Cyprus,Western Europe,35.126413,33.429859,2017,65,5.620999813,1.355938077,0.844714701,0.355111539,0.271254301,0.041237976
Cyprus,Western Europe,35.126413,33.429859,2018,61,5.762,1.229,0.909,0.423,0.202,0.035
Cyprus,Western Europe,35.126413,33.429859,2019,49,6.046,1.263,1.042,0.406,0.19,0.041
Cyprus,Western Europe,35.126413,33.429859,2020,45,6.15899992,1.21279943,1.026124597,0.459385872,0.227932334,0.051207144
Croatia,Central and Eastern Europe,45.1,15.2,2015,62,5.759,1.08254,0.78805,0.25883,0.05444,0.0243
Croatia,Central and Eastern Europe,45.1,15.2,2016,74,5.488,1.18649,0.70524,0.23907,0.18434,0.04002
Croatia,Central and Eastern Europe,45.1,15.2,2017,77,5.293000221,1.222556233,0.701288521,0.255772293,0.248002976,0.04310311
Croatia,Central and Eastern Europe,45.1,15.2,2018,82,5.321,1.115,0.737,0.38,0.12,0.039
Croatia,Central and Eastern Europe,45.1,15.2,2019,75,5.432,1.155,0.914,0.296,0.119,0.022
Croatia,Central and Eastern Europe,45.1,15.2,2020,79,5.504700184,1.109024286,0.900575578,0.381456882,0.113998979,0.012325006
Costa Rica,Latin America and Caribbean,9.748917,-83.753428,2015,12,7.226,0.95578,0.86027,0.63376,0.25497,0.10583
Costa Rica,Latin America and Caribbean,9.748917,-83.753428,2016,14,7.087,1.06879,0.76146,0.55225,0.22553,0.10547
Costa Rica,Latin America and Caribbean,9.748917,-83.753428,2017,12,7.078999996,1.109706283,0.759509265,0.58013165,0.214613229,0.100106589
Costa Rica,Latin America and Caribbean,9.748917,-83.753428,2018,13,7.072,1.01,0.817,0.632,0.143,0.101
Costa Rica,Latin America and Caribbean,9.748917,-83.753428,2019,12,7.167,1.034,0.963,0.558,0.144,0.093
Costa Rica,Latin America and Caribbean,9.748917,-83.753428,2020,15,7.121399879,0.981107712,0.939635336,0.645017743,0.131266311,0.096362092
Comoros,Sub-Saharan Africa,-11.875001,43.872219,2015,140,3.956,0.23906,0.36315,0.22917,0.17441,0.199
Comoros,Sub-Saharan Africa,-11.875001,43.872219,2016,138,3.956,0.27509,0.29981,0.15412,0.1827,0.18437
Comoros,Sub-Saharan Africa,-11.875001,43.872219,2019,142,3.973,0.274,0.505,0.142,0.275,0.078
Comoros,Sub-Saharan Africa,-11.875001,43.872219,2020,134,4.288599968,0.415620774,0.437383324,0.181028232,0.258538276,0.100048535
Colombia,Latin America and Caribbean,4.570868,-74.297333,2015,33,6.477,0.91861,0.69077,0.53466,0.18401,0.0512
Colombia,Latin America and Caribbean,4.570868,-74.297333,2016,31,6.481,1.03032,0.59659,0.44735,0.15626,0.05399
Colombia,Latin America and Caribbean,4.570868,-74.297333,2017,36,6.356999874,1.070622325,0.595027924,0.477487415,0.149014473,0.046668742
Colombia,Latin America and Caribbean,4.570868,-74.297333,2018,37,6.26,0.96,0.635,0.531,0.099,0.039
Colombia,Latin America and Caribbean,4.570868,-74.297333,2019,43,6.125,0.985,0.841,0.47,0.099,0.034
Colombia,Latin America and Caribbean,4.570868,-74.297333,2020,44,6.163400173,0.93220371,0.810020149,0.526890039,0.092374094,0.04584837
China,Eastern Asia,35.86166,104.195397,2015,84,5.14,0.89012,0.81658,0.51697,0.08185,0.02781
China,Eastern Asia,35.86166,104.195397,2016,83,5.245,1.0278,0.73561,0.44012,0.04959,0.02745
China,Eastern Asia,35.86166,104.195397,2017,79,5.272999763,1.081165791,0.741415501,0.472787708,0.028806841,0.022794275
China,Eastern Asia,35.86166,104.195397,2018,86,5.246,0.989,0.799,0.597,0.029,0.103
China,Eastern Asia,35.86166,104.195397,2019,93,5.191,1.029,0.893,0.521,0.058,0.1
China,Eastern Asia,35.86166,104.195397,2020,94,5.123899937,0.990533412,0.867248535,0.601605117,0.079021044,0.117255554
Chile,Latin America and Caribbean,-35.675147,-71.542969,2015,27,6.67,1.10715,0.85857,0.44132,0.33363,0.12869
Chile,Latin America and Caribbean,-35.675147,-71.542969,2016,24,6.705,1.2167,0.81883,0.37789,0.31595,0.11451
Chile,Latin America and Caribbean,-35.675147,-71.542969,2017,20,6.65199995,1.25278461,0.819479704,0.376895279,0.326662421,0.082287982
Chile,Latin America and Caribbean,-35.675147,-71.542969,2018,25,6.476,1.131,0.808,0.431,0.197,0.061
Chile,Latin America and Caribbean,-35.675147,-71.542969,2019,26,6.444,1.159,0.92,0.357,0.187,0.056
Chile,Latin America and Caribbean,-35.675147,-71.542969,2020,39,6.228499889,1.096992493,0.889260828,0.417482227,0.155579001,0.06284935
Chad,Sub-Saharan Africa,15.454166,18.732207,2015,149,3.667,0.34193,0.1501,0.23501,0.18386,0.05269
Chad,Sub-Saharan Africa,15.454166,18.732207,2016,144,3.763,0.42214,0.03824,0.12807,0.18667,0.04952
Chad,Sub-Saharan Africa,15.454166,18.732207,2017,137,3.936000109,0.438012987,0.041134715,0.162342027,0.21611385,0.053581882
Chad,Sub-Saharan Africa,15.454166,18.732207,2018,131,4.301,0.358,0.053,0.189,0.181,0.06
Chad,Sub-Saharan Africa,15.454166,18.732207,2019,132,4.35,0.35,0.192,0.174,0.198,0.078
Chad,Sub-Saharan Africa,15.454166,18.732207,2020,127,4.422699928,0.302287489,0.1087441,0.228601769,0.210805088,0.085755408
Central African Republic,Sub-Saharan Africa,6.611111,20.939444,2015,148,3.678,0.0785,0.06699,0.48879,0.23835,0.08289
Central African Republic,Sub-Saharan Africa,6.611111,20.939444,2017,155,2.693000078,0,0.018772686,0.270842046,0.280876487,0.056565076
Central African Republic,Sub-Saharan Africa,6.611111,20.939444,2018,155,3.083,0.024,0.01,0.305,0.218,0.038
Central African Republic,Sub-Saharan Africa,6.611111,20.939444,2019,155,3.083,0.026,0.105,0.225,0.235,0.035
Central African Republic,Sub-Saharan Africa,6.611111,20.939444,2020,149,3.475899935,0.041072082,0,0.292814463,0.253513217,0.028264718
Canada,North America,56.130366,-106.346771,2015,5,7.427,1.32629,0.90563,0.63297,0.45811,0.32957
Canada,North America,56.130366,-106.346771,2016,6,7.404,1.44015,0.8276,0.5737,0.44834,0.31329
Canada,North America,56.130366,-106.346771,2017,7,7.315999985,1.479204416,0.834557652,0.611100912,0.435539722,0.287371516
Canada,North America,56.130366,-106.346771,2018,7,7.328,1.33,0.896,0.653,0.321,0.291
Canada,North America,56.130366,-106.346771,2019,9,7.278,1.365,1.039,0.584,0.285,0.308
Canada,North America,56.130366,-106.346771,2020,11,7.23210001,1.301647663,1.022501945,0.644028127,0.28152892,0.351701856
Cameroon,Sub-Saharan Africa,7.369722,12.354722,2015,133,4.252,0.4225,0.23402,0.49309,0.20618,0.05786
Cameroon,Sub-Saharan Africa,7.369722,12.354722,2016,114,4.513,0.52497,0.12698,0.42736,0.2268,0.06126
Cameroon,Sub-Saharan Africa,7.369722,12.354722,2017,107,4.695000172,0.564305365,0.132892117,0.430388749,0.236298457,0.051306631
Cameroon,Sub-Saharan Africa,7.369722,12.354722,2018,99,4.975,0.535,0.182,0.454,0.183,0.043
Cameroon,Sub-Saharan Africa,7.369722,12.354722,2019,96,5.044,0.549,0.331,0.381,0.187,0.037
Cameroon,Sub-Saharan Africa,7.369722,12.354722,2020,98,5.084899902,0.503958046,0.270189553,0.439242482,0.198020101,0.054393422
Cambodia,Southeastern Asia,12.565679,104.990963,2015,145,3.819,0.46038,0.61114,0.66246,0.40359,0.07247
Cambodia,Southeastern Asia,12.565679,104.990963,2016,140,3.907,0.55604,0.42494,0.58852,0.40339,0.08092
Cambodia,Southeastern Asia,12.565679,104.990963,2017,129,4.168000221,0.601765096,0.429783404,0.633375823,0.385922968,0.068105951
Cambodia,Southeastern Asia,12.565679,104.990963,2018,120,4.433,0.549,0.457,0.696,0.256,0.065
Cambodia,Southeastern Asia,12.565679,104.990963,2019,109,4.7,0.574,0.637,0.609,0.232,0.062
Cambodia,Southeastern Asia,12.565679,104.990963,2020,106,4.848400116,0.544634938,0.587904334,0.674940348,0.233342081,0.072837502
Burundi,Sub-Saharan Africa,-3.373056,29.918886,2015,157,2.905,0.0153,0.22396,0.1185,0.19727,0.10062
Burundi,Sub-Saharan Africa,-3.373056,29.918886,2016,157,2.905,0.06831,0.15747,0.0432,0.2029,0.09419
Burundi,Sub-Saharan Africa,-3.373056,29.918886,2017,154,2.904999971,0.091622569,0.151610792,0.059900753,0.204435185,0.084147945
Burundi,Sub-Saharan Africa,-3.373056,29.918886,2018,156,2.905,0.091,0.145,0.065,0.149,0.076
Burundi,Sub-Saharan Africa,-3.373056,29.918886,2019,145,3.775,0.046,0.38,0.22,0.176,0.18
Burundi,Sub-Saharan Africa,-3.373056,29.918886,2020,140,3.775300026,0,0.295212835,0.275399059,0.187401786,0.212186828
Burkina Faso,Sub-Saharan Africa,12.238333,-1.561593,2015,152,3.587,0.25812,0.27125,0.39493,0.21747,0.12832
Burkina Faso,Sub-Saharan Africa,12.238333,-1.561593,2016,145,3.739,0.31995,0.21297,0.3337,0.24353,0.12533
Burkina Faso,Sub-Saharan Africa,12.238333,-1.561593,2017,134,4.032000065,0.350227714,0.215844259,0.324367851,0.250864685,0.120328106
Burkina Faso,Sub-Saharan Africa,12.238333,-1.561593,2018,121,4.424,0.314,0.254,0.312,0.175,0.128
Burkina Faso,Sub-Saharan Africa,12.238333,-1.561593,2019,115,4.587,0.331,0.38,0.255,0.177,0.113
Burkina Faso,Sub-Saharan Africa,12.238333,-1.561593,2020,112,4.768700123,0.302467644,0.312833875,0.322398156,0.186390609,0.126408055
Bulgaria,Central and Eastern Europe,42.733883,25.48583,2015,134,4.218,1.01216,0.76649,0.30587,0.11921,0.00872
Bulgaria,Central and Eastern Europe,42.733883,25.48583,2016,129,4.217,1.11306,0.67806,0.21219,0.12793,0.00615
Bulgaria,Central and Eastern Europe,42.733883,25.48583,2017,105,4.714000225,1.161459088,0.70821768,0.289231718,0.113177694,0.011051531
Bulgaria,Central and Eastern Europe,42.733883,25.48583,2018,100,4.933,1.054,0.712,0.359,0.064,0.009
Bulgaria,Central and Eastern Europe,42.733883,25.48583,2019,97,5.011,1.092,0.815,0.311,0.081,0.004
Bulgaria,Central and Eastern Europe,42.733883,25.48583,2020,96,5.101500034,1.046554685,0.777776897,0.417820066,0.103833713,0
Brazil,Latin America and Caribbean,-14.235004,-51.92528,2015,16,6.983,0.98124,0.69702,0.49049,0.14574,0.17521
Brazil,Latin America and Caribbean,-14.235004,-51.92528,2016,17,6.952,1.08754,0.61415,0.40425,0.15776,0.14166
Brazil,Latin America and Caribbean,-14.235004,-51.92528,2017,22,6.635000229,1.10735321,0.616552353,0.437453747,0.162349895,0.111092761
Brazil,Latin America and Caribbean,-14.235004,-51.92528,2018,28,6.419,0.986,0.675,0.493,0.11,0.088
Brazil,Latin America and Caribbean,-14.235004,-51.92528,2019,32,6.3,1.004,0.802,0.39,0.099,0.086
Brazil,Latin America and Caribbean,-14.235004,-51.92528,2020,32,6.375599861,0.952679873,0.766119063,0.483292729,0.131674588,0.106518604
Botswana,Sub-Saharan Africa,-22.328474,24.684866,2015,128,4.332,0.99355,0.04776,0.49495,0.10461,0.12474
Botswana,Sub-Saharan Africa,-22.328474,24.684866,2016,137,3.974,1.09426,0.34752,0.44089,0.12425,0.10769
Botswana,Sub-Saharan Africa,-22.328474,24.684866,2017,142,3.766000032,1.122094154,0.341755509,0.505196333,0.099348448,0.098583199
Botswana,Sub-Saharan Africa,-22.328474,24.684866,2018,146,3.59,1.017,0.417,0.557,0.042,0.092
Botswana,Sub-Saharan Africa,-22.328474,24.684866,2019,148,3.488,1.041,0.538,0.455,0.025,0.1
Botswana,Sub-Saharan Africa,-22.328474,24.684866,2020,147,3.478899956,0.997548997,0.494101733,0.50908941,0.033407487,0.101786368
Bosnia and Herzegovina,Central and Eastern Europe,43.915886,17.679076,2015,96,4.949,0.83223,0.79081,0.09245,0.24808,0.00227
Bosnia and Herzegovina,Central and Eastern Europe,43.915886,17.679076,2016,87,5.163,0.93383,0.70766,0.09511,0.29889,0
Bosnia and Herzegovina,Central and Eastern Europe,43.915886,17.679076,2017,90,5.18200016,0.982409418,0.705186307,0.204403177,0.328867495,0
Bosnia and Herzegovina,Central and Eastern Europe,43.915886,17.679076,2018,93,5.129,0.915,0.758,0.28,0.216,0
Bosnia and Herzegovina,Central and Eastern Europe,43.915886,17.679076,2019,78,5.386,0.945,0.845,0.212,0.263,0.006
Bosnia and Herzegovina,Central and Eastern Europe,43.915886,17.679076,2020,69,5.674099922,0.91839546,0.813928187,0.305365741,0.264005244,0.001172487
Bolivia,Latin America and Caribbean,-16.290154,-63.588653,2015,51,5.89,0.68133,0.5392,0.57414,0.20536,0.088
Bolivia,Latin America and Caribbean,-16.290154,-63.588653,2016,59,5.822,0.79422,0.4697,0.50961,0.21698,0.07746
Bolivia,Latin America and Caribbean,-16.290154,-63.588653,2017,58,5.822999954,0.833756566,0.47363025,0.558732927,0.225560725,0.060477726
Bolivia,Latin America and Caribbean,-16.290154,-63.588653,2018,62,5.752,0.751,0.508,0.606,0.141,0.054
Bolivia,Latin America and Caribbean,-16.290154,-63.588653,2019,61,5.779,0.776,0.706,0.511,0.137,0.064
Bolivia,Latin America and Caribbean,-16.290154,-63.588653,2020,65,5.747499943,0.730976343,0.662445664,0.5744645,0.138375074,0.072942637
Bhutan,Southern Asia,27.514162,90.433601,2015,79,5.253,0.77042,0.57407,0.53206,0.47998,0.15445
Bhutan,Southern Asia,27.514162,90.433601,2016,84,5.196,0.8527,0.49759,0.46074,0.48546,0.1616
Bhutan,Southern Asia,27.514162,90.433601,2017,97,5.011000156,0.885416389,0.495879292,0.501537681,0.474054545,0.17338039
Bhutan,Southern Asia,27.514162,90.433601,2018,97,5.082,0.796,0.527,0.541,0.364,0.171
Bhutan,Southern Asia,27.514162,90.433601,2019,95,5.082,0.813,0.604,0.457,0.37,0.167
Benin,Sub-Saharan Africa,9.30769,2.315834,2015,155,3.34,0.28665,0.3191,0.4845,0.1826,0.0801
Benin,Sub-Saharan Africa,9.30769,2.315834,2016,153,3.484,0.39499,0.21028,0.39747,0.2018,0.06681
Benin,Sub-Saharan Africa,9.30769,2.315834,2017,143,3.657000065,0.431085408,0.209930211,0.425962776,0.207948461,0.060929015
Benin,Sub-Saharan Africa,9.30769,2.315834,2018,136,4.141,0.378,0.24,0.44,0.163,0.067
Benin,Sub-Saharan Africa,9.30769,2.315834,2019,102,4.883,0.393,0.397,0.349,0.175,0.082
Benin,Sub-Saharan Africa,9.30769,2.315834,2020,86,5.21600008,0.366244704,0.328062952,0.40583989,0.196670428,0.125931874
Belize,Latin America and Caribbean,17.189877,-88.49765,2016,52,5.956,0.87616,0.45569,0.51231,0.23684,0.10771
Belize,Latin America and Caribbean,17.189877,-88.49765,2017,50,5.955999851,0.907975316,0.450191766,0.547509372,0.240015641,0.096581072
Belize,Latin America and Caribbean,17.189877,-88.49765,2018,49,5.956,0.807,0.474,0.593,0.183,0.089
Belgium,Western Europe,50.503887,4.469936,2015,19,6.937,1.30782,0.89667,0.5845,0.2225,0.2254
Belgium,Western Europe,50.503887,4.469936,2016,18,6.929,1.42539,0.81959,0.51354,0.2424,0.26248
Belgium,Western Europe,50.503887,4.469936,2017,17,6.890999794,1.463780761,0.818091869,0.539770722,0.231503338,0.251343131
Belgium,Western Europe,50.503887,4.469936,2018,16,6.927,1.324,0.894,0.583,0.188,0.24
Belgium,Western Europe,50.503887,4.469936,2019,18,6.923,1.356,0.986,0.473,0.16,0.21
Belgium,Western Europe,50.503887,4.469936,2020,20,6.863500118,1.295842767,0.964901149,0.499805421,0.146966159,0.208724052
Belarus,Central and Eastern Europe,53.709807,27.953389,2015,59,5.813,1.03192,0.73608,0.37938,0.11046,0.1909
Belarus,Central and Eastern Europe,53.709807,27.953389,2016,61,5.802,1.13062,0.63104,0.29091,0.13942,0.17457
Belarus,Central and Eastern Europe,53.709807,27.953389,2017,67,5.568999767,1.15655756,0.637714267,0.295400262,0.155137509,0.156313822
Belarus,Central and Eastern Europe,53.709807,27.953389,2018,73,5.483,1.039,0.7,0.307,0.101,0.154
Belarus,Central and Eastern Europe,53.709807,27.953389,2019,81,5.323,1.067,0.789,0.235,0.094,0.142
Belarus,Central and Eastern Europe,53.709807,27.953389,2020,75,5.539899826,1.018854499,0.75258857,0.290755868,0.08993306,0.193607435
Bangladesh,Southern Asia,23.684994,90.356331,2015,109,4.694,0.39753,0.60164,0.4082,0.21222,0.12569
Bangladesh,Southern Asia,23.684994,90.356331,2016,110,4.643,0.54177,0.52989,0.39778,0.19132,0.12583
Bangladesh,Southern Asia,23.684994,90.356331,2017,110,4.607999802,0.586682975,0.533241034,0.478356659,0.172255352,0.123717859
Bangladesh,Southern Asia,23.684994,90.356331,2018,115,4.5,0.532,0.579,0.58,0.153,0.144
Bangladesh,Southern Asia,23.684994,90.356331,2019,125,4.456,0.562,0.723,0.527,0.166,0.143
Bangladesh,Southern Asia,23.684994,90.356331,2020,107,4.832799911,0.556156278,0.694940507,0.604130566,0.176745117,0.176735908
Bahrain,Middle East and Northern Africa,25.930414,50.637772,2015,49,5.96,1.32376,0.74716,0.45492,0.17362,0.306
Bahrain,Middle East and Northern Africa,25.930414,50.637772,2016,42,6.218,1.44024,0.65696,0.47375,0.17147,0.25772
Bahrain,Middle East and Northern Africa,25.930414,50.637772,2017,41,6.086999893,1.488412261,0.653133035,0.536746919,0.172668487,0.25704217
Bahrain,Middle East and Northern Africa,25.930414,50.637772,2018,43,6.105,1.338,0.698,0.594,0.243,0.123
Bahrain,Middle East and Northern Africa,25.930414,50.637772,2019,37,6.199,1.362,0.871,0.536,0.255,0.11
Bahrain,Middle East and Northern Africa,25.930414,50.637772,2020,40,6.227300167,1.296692252,0.838836372,0.610399902,0.287453711,0.126697257
Azerbaijan,Central and Eastern Europe,40.143105,47.576927,2015,80,5.212,1.02389,0.64045,0.3703,0.07799,0.16065
Azerbaijan,Central and Eastern Europe,40.143105,47.576927,2016,81,5.291,1.12373,0.54504,0.35327,0.0564,0.17914
Azerbaijan,Central and Eastern Europe,40.143105,47.576927,2017,85,5.234000206,1.153601766,0.540775776,0.398155838,0.04526934,0.180987507
Azerbaijan,Central and Eastern Europe,40.143105,47.576927,2018,87,5.201,1.024,0.603,0.43,0.031,0.176
Azerbaijan,Central and Eastern Europe,40.143105,47.576927,2019,90,5.208,1.043,0.769,0.351,0.035,0.182
Azerbaijan,Central and Eastern Europe,40.143105,47.576927,2020,89,5.164800167,0.990272701,0.731134057,0.467734724,0.040113214,0.247307181
Austria,Western Europe,47.516231,14.550072,2015,13,7.2,1.33723,0.89042,0.62433,0.33088,0.18676
Austria,Western Europe,47.516231,14.550072,2016,12,7.119,1.45038,0.80565,0.54355,0.32865,0.21348
Austria,Western Europe,47.516231,14.550072,2017,13,7.006000042,1.487097263,0.815328419,0.56776619,0.316472322,0.221060365
Austria,Western Europe,47.516231,14.550072,2018,12,7.139,1.341,0.891,0.617,0.242,0.224
Austria,Western Europe,47.516231,14.550072,2019,10,7.246,1.376,1.016,0.532,0.244,0.226
Austria,Western Europe,47.516231,14.550072,2020,9,7.294199944,1.317285538,1.000933528,0.603368878,0.255509764,0.281256139
Australia,Australia and New Zealand,-25.274398,133.775136,2015,10,7.284,1.33358,0.93156,0.65124,0.43562,0.35637
Australia,Australia and New Zealand,-25.274398,133.775136,2016,9,7.313,1.44443,0.8512,0.56837,0.47407,0.32331
Australia,Australia and New Zealand,-25.274398,133.775136,2017,10,7.28399992,1.484414935,0.843886793,0.601607382,0.47769925,0.30118373
Australia,Australia and New Zealand,-25.274398,133.775136,2018,10,7.272,1.34,0.91,0.647,0.361,0.302
Australia,Australia and New Zealand,-25.274398,133.775136,2019,11,7.228,1.372,1.036,0.557,0.332,0.29
Australia,Australia and New Zealand,-25.274398,133.775136,2020,12,7.222799778,1.310396433,1.022607684,0.621877193,0.324973613,0.335996419
Armenia,Central and Eastern Europe,40.069099,45.038189,2015,127,4.35,0.76821,0.7299,0.19847,0.07855,0.039
Armenia,Central and Eastern Europe,40.069099,45.038189,2016,121,4.36,0.86086,0.64083,0.14037,0.07793,0.03616
Armenia,Central and Eastern Europe,40.069099,45.038189,2017,121,4.375999928,0.900596738,0.637524426,0.198303267,0.083488092,0.026674422
Armenia,Central and Eastern Europe,40.069099,45.038189,2018,129,4.321,0.816,0.666,0.26,0.077,0.028
Armenia,Central and Eastern Europe,40.069099,45.038189,2019,116,4.559,0.85,0.815,0.283,0.095,0.064
Armenia,Central and Eastern Europe,40.069099,45.038189,2020,116,4.676799774,0.808262408,0.77585727,0.378075808,0.107225738,0.104618184
Argentina,Latin America and Caribbean,-38.416097,-63.616672,2015,30,6.574,1.05351,0.78723,0.44974,0.11451,0.08484
Argentina,Latin America and Caribbean,-38.416097,-63.616672,2016,26,6.65,1.15137,0.69711,0.42284,0.10989,0.07296
Argentina,Latin America and Caribbean,-38.416097,-63.616672,2017,24,6.598999977,1.185295463,0.695137084,0.494519204,0.109457061,0.059739888
Argentina,Latin America and Caribbean,-38.416097,-63.616672,2018,29,6.388,1.073,0.744,0.57,0.062,0.054
Argentina,Latin America and Caribbean,-38.416097,-63.616672,2019,47,6.086,1.092,0.881,0.471,0.066,0.05
Argentina,Latin America and Caribbean,-38.416097,-63.616672,2020,55,5.974699974,1.028465629,0.849773705,0.520840347,0.070100471,0.060415059
Angola,Sub-Saharan Africa,-11.202692,17.873887,2015,137,4.033,0.75778,0.16683,0.10384,0.12344,0.07122
Angola,Sub-Saharan Africa,-11.202692,17.873887,2016,141,3.866,0.84731,0.04991,0.00589,0.12071,0.08434
Angola,Sub-Saharan Africa,-11.202692,17.873887,2017,140,3.795000076,0.85842818,0.049868666,0,0.09792649,0.069720335
Angola,Sub-Saharan Africa,-11.202692,17.873887,2018,142,3.795,0.73,0.269,0,0.079,0.061
Algeria,Middle East and Northern Africa,28.033886,1.659626,2015,68,5.605,0.93929,0.61766,0.28579,0.07822,0.17383
Algeria,Middle East and Northern Africa,28.033886,1.659626,2016,38,6.355,1.05266,0.61804,0.21006,0.07044,0.16157
Algeria,Middle East and Northern Africa,28.033886,1.659626,2017,53,5.872000217,1.091864467,0.617584646,0.233335808,0.069436647,0.14609611
Algeria,Middle East and Northern Africa,28.033886,1.659626,2018,84,5.295,0.979,0.687,0.077,0.055,0.135
Algeria,Middle East and Northern Africa,28.033886,1.659626,2019,88,5.211,1.002,0.785,0.086,0.073,0.114
Algeria,Middle East and Northern Africa,28.033886,1.659626,2020,100,5.005099773,0.943856001,0.745418549,0.083943799,0.118915014,0.129190654
Albania,Central and Eastern Europe,41.153332,20.168331,2015,95,4.959,0.87867,0.81325,0.35733,0.14272,0.06413
Albania,Central and Eastern Europe,41.153332,20.168331,2016,109,4.655,0.9553,0.73007,0.31866,0.1684,0.05301
Albania,Central and Eastern Europe,41.153332,20.168331,2017,109,4.644000053,0.996192753,0.731159747,0.381498635,0.201312944,0.039864216
Albania,Central and Eastern Europe,41.153332,20.168331,2018,112,4.586,0.916,0.79,0.419,0.149,0.032
Albania,Central and Eastern Europe,41.153332,20.168331,2019,107,4.719,0.947,0.874,0.383,0.178,0.027
Albania,Central and Eastern Europe,41.153332,20.168331,2020,105,4.882699966,0.906653047,0.846329629,0.461945891,0.171027765,0.025361285
Afghanistan,Southern Asia,33.93911,67.709953,2015,153,3.575,0.31982,0.30335,0.23414,0.3651,0.09719
Afghanistan,Southern Asia,33.93911,67.709953,2016,154,3.36,0.38227,0.17344,0.1643,0.31268,0.07112
Afghanistan,Southern Asia,33.93911,67.709953,2017,141,3.79399991,0.401477218,0.180746779,0.10617952,0.311870933,0.06115783
Afghanistan,Southern Asia,33.93911,67.709953,2018,145,3.632,0.332,0.255,0.085,0.191,0.036
Afghanistan,Southern Asia,33.93911,67.709953,2019,154,3.203,0.35,0.361,0,0.158,0.025
Afghanistan,Southern Asia,33.93911,67.709953,2020,153,2.566900015,0.30070585,0.266051531,0,0.135234714,0.001225785